source_file,study_id,project_id,instrument_id,instrument_family,instrument_serial,column_id,chromatography_type,lc_system,polarity,analysis_id,domain_id,data_source,dataset_name,sample_type,doi,official_url,metadata_source,metadata_note
0001_MAY_RoCI-StEM_CP-287,ST002903,PR001807,Thermo Exactive Plus Orbitrap,Thermo Exactive Orbitrap,Exactive Series slot #53,Waters ACQUITY UPLC BEH C8,Reversed phase / HILIC,Shimadzu Nexera X2,positive,AN004764；AN004763,DG05,Metabolomics Workbench,Identification and targeting of microbial putrescine acetylation in bloodstream infections,人血浆,10.21228/M84Q6N,https://www.metabolomicsworkbench.org/data/DRCCMetadata.php?Mode=Study&StudyID=ST002903,sheet_data.json; https://www.metabolomicsworkbench.org/data/DRCCMetadata.php?Mode=Study&StudyID=ST002903,File-level instrument/polarity mapping; 本地仅包含该 Study 的两种分析；Study 另有 Q Exactive 正离子分析
0021_MAY_ROCI-StEM_HN_575,ST002903,PR001807,Thermo Q Exactive Plus Orbitrap,Thermo Exactive Orbitrap,Exactive Series slot #115,Phenomenex Luna NH2,Reversed phase / HILIC,Shimadzu Nexera X2,negative,AN004764；AN004763,DG06,Metabolomics Workbench,Identification and targeting of microbial putrescine acetylation in bloodstream infections,人血浆,10.21228/M84Q6N,https://www.metabolomicsworkbench.org/data/DRCCMetadata.php?Mode=Study&StudyID=ST002903,sheet_data.json; https://www.metabolomicsworkbench.org/data/DRCCMetadata.php?Mode=Study&StudyID=ST002903,File-level instrument/polarity mapping; 本地仅包含该 Study 的两种分析；Study 另有 Q Exactive 正离子分析
060-0145-005_017,ST004085,PR002564,Agilent 6546 QTOF,Agilent QTOF,SG2214E201,"Waters ACQUITY UPLC HSS T3 (100 × 2.1 mm, 1.8 µm)",Reversed phase,Agilent 1290 Infinity II,negative,AN006772,DG16,Metabolomics Workbench,Methionine restriction alters lipid beta-oxidation and levels of lipids associated with CVD risk,小鼠血浆,10.21228/M8725N,https://www.metabolomicsworkbench.org/data/study_textformat_view.php?ANALYSIS_ID=AN006772&JSON=YES&STUDY_ID=ST004085,sheet_data.json; https://www.metabolomicsworkbench.org/data/study_textformat_view.php?ANALYSIS_ID=AN006772&JSON=YES&STUDY_ID=ST004085,File-level instrument/polarity mapping; 060-0145-005_017.mzML = MR3-9；060-0145-006_018.mzML = MR3-13。两份均来自 raw_data/polar_neg/ms1，因此对应 AN006772 的负离子 HSS T3 反相数据，不是 iHILIC。
060-0145-006_018,ST004085,PR002564,Agilent 6546 QTOF,Agilent QTOF,SG2214E201,"Waters ACQUITY UPLC HSS T3 (100 × 2.1 mm, 1.8 µm)",Reversed phase,Agilent 1290 Infinity II,negative,AN006772,DG16,Metabolomics Workbench,Methionine restriction alters lipid beta-oxidation and levels of lipids associated with CVD risk,小鼠血浆,10.21228/M8725N,https://www.metabolomicsworkbench.org/data/study_textformat_view.php?ANALYSIS_ID=AN006772&JSON=YES&STUDY_ID=ST004085,sheet_data.json; https://www.metabolomicsworkbench.org/data/study_textformat_view.php?ANALYSIS_ID=AN006772&JSON=YES&STUDY_ID=ST004085,File-level instrument/polarity mapping; 060-0145-005_017.mzML = MR3-9；060-0145-006_018.mzML = MR3-13。两份均来自 raw_data/polar_neg/ms1，因此对应 AN006772 的负离子 HSS T3 反相数据，不是 iHILIC。
20180321_S00033936_P,ST002135,PR001352,SCIEX 5600+ TripleTOF,SCIEX TripleTOF,BN20031205H,"Waters Acquity BEH HSS T3 (100 × 2.1 mm, 1.8 µm)",Reversed phase,Shimadzu Prominence UFLC,positive,AN003496；AN003495,DG03,Metabolomics Workbench,Alignment and Analysis of a Disparately Acquired Multi-Batch Metabolomics Study of Maternal Pregnancy Samples. (Part 2),人血浆,10.21228/M8ZD7C,https://www.metabolomicsworkbench.org/data/DRCCMetadata.php?Mode=Study&StudyID=ST002135,sheet_data.json; https://www.metabolomicsworkbench.org/data/DRCCMetadata.php?Mode=Study&StudyID=ST002135,File-level instrument/polarity mapping; 该 Study 还包含 Agilent 6545 QTOF 批次；本地两份属于 SCIEX 批次
20180323_S00033882_N,ST002135,PR001352,SCIEX 5600+ TripleTOF,SCIEX TripleTOF,BN20031205H,"Waters Acquity BEH HSS T3 (100 × 2.1 mm, 1.8 µm)",Reversed phase,Shimadzu Prominence UFLC,negative,AN003496；AN003495,DG02,Metabolomics Workbench,Alignment and Analysis of a Disparately Acquired Multi-Batch Metabolomics Study of Maternal Pregnancy Samples. (Part 2),人血浆,10.21228/M8ZD7C,https://www.metabolomicsworkbench.org/data/DRCCMetadata.php?Mode=Study&StudyID=ST002135,sheet_data.json; https://www.metabolomicsworkbench.org/data/DRCCMetadata.php?Mode=Study&StudyID=ST002135,File-level instrument/polarity mapping; 该 Study 还包含 Agilent 6545 QTOF 批次；本地两份属于 SCIEX 批次
6545A_20230727_-_57_18,ST003220,PR002008,Agilent 6545 QTOF,Agilent QTOF,unknown,"Waters ACQUITY UPLC CSH C18 (100 × 2.1 mm, 1.7 µm)",Reversed phase,Agilent 1290 Infinity,negative,AN005280；AN005281,DG09,Metabolomics Workbench,"Obesity, sex, and depot drive distinct lipid profiles in murine white adipose tissue",小鼠白色脂肪组织,10.21228/M8281N,https://www.metabolomicsworkbench.org/data/DRCCMetadata.php?Mode=Study&StudyID=ST003220,sheet_data.json; https://www.metabolomicsworkbench.org/data/DRCCMetadata.php?Mode=Study&StudyID=ST003220,File-level instrument/polarity mapping; 无明显冲突
6545A_20230729_+_07_9,ST003220,PR002008,Agilent 6545 QTOF,Agilent QTOF,unknown,"Waters ACQUITY UPLC CSH C18 (100 × 2.1 mm, 1.7 µm)",Reversed phase,Agilent 1290 Infinity,positive,AN005280；AN005281,DG10,Metabolomics Workbench,"Obesity, sex, and depot drive distinct lipid profiles in murine white adipose tissue",小鼠白色脂肪组织,10.21228/M8281N,https://www.metabolomicsworkbench.org/data/DRCCMetadata.php?Mode=Study&StudyID=ST003220,sheet_data.json; https://www.metabolomicsworkbench.org/data/DRCCMetadata.php?Mode=Study&StudyID=ST003220,File-level instrument/polarity mapping; 无明显冲突
6545_20201012_14_+_QC 01,ST002162,PR001375,Agilent 6545 QTOF,Agilent QTOF,SG1736E101,"Waters ACQUITY UPLC CSH C18 (100 × 2.1 mm, 1.7 µm)",Reversed phase,官方字段写 Agilent 6550,positive,文件级 Analysis ID 未唯一确认,DG04,Metabolomics Workbench,CFAP418 participates in membrane-associated cellular processes through binding lipids during ciliogenesis,小鼠视网膜,10.21228/M8069C,https://www.metabolomicsworkbench.org/data/DRCCMetadata.php?Mode=Study&StudyID=ST002162,sheet_data.json; https://www.metabolomicsworkbench.org/data/DRCCMetadata.php?Mode=Study&StudyID=ST002162,File-level instrument/polarity mapping; 研究整体使用 6540 与 6545，但本地两份训练文件属于 6545 正离子采集批次；仪器字段按文件而非按整个 Study 汇总。
6545_20201012_22_+_QC 03,ST002162,PR001375,Agilent 6545 QTOF,Agilent QTOF,SG1736E101,"Waters ACQUITY UPLC CSH C18 (100 × 2.1 mm, 1.7 µm)",Reversed phase,官方字段写 Agilent 6550,positive,文件级 Analysis ID 未唯一确认,DG04,Metabolomics Workbench,CFAP418 participates in membrane-associated cellular processes through binding lipids during ciliogenesis,小鼠视网膜,10.21228/M8069C,https://www.metabolomicsworkbench.org/data/DRCCMetadata.php?Mode=Study&StudyID=ST002162,sheet_data.json; https://www.metabolomicsworkbench.org/data/DRCCMetadata.php?Mode=Study&StudyID=ST002162,File-level instrument/polarity mapping; 研究整体使用 6540 与 6545，但本地两份训练文件属于 6545 正离子采集批次；仪器字段按文件而非按整个 Study 汇总。
AG-88-11_r12-,ST003792,PR002369,Thermo Q Exactive Orbitrap,Thermo Exactive Orbitrap,Exactive Series slot #1,"Phenomenex Kinetex C18 (30 × 2.1 mm, 1.7 µm)",Reversed phase,Thermo Vanquish,negative,AN006233；AN006234,DG13,Metabolomics Workbench,Untargeted lipidomics characterization of blood samples from patients with maple syrup urine disease (MSUD) in comparison to healthy controls,人全血,10.21228/M8DR7V,https://www.metabolomicsworkbench.org/data/DRCCMetadata.php?Mode=Study&StudyID=ST003792,sheet_data.json; https://www.metabolomicsworkbench.org/data/DRCCMetadata.php?Mode=Study&StudyID=ST003792,File-level instrument/polarity mapping; 本地文件为 AG-88-11 的不同离子模式/重复
AG-88-11_r2+,ST003792,PR002369,Thermo Q Exactive Orbitrap,Thermo Exactive Orbitrap,Exactive Series slot #1,"Phenomenex Kinetex C18 (30 × 2.1 mm, 1.7 µm)",Reversed phase,Thermo Vanquish,positive,AN006233；AN006234,DG14,Metabolomics Workbench,Untargeted lipidomics characterization of blood samples from patients with maple syrup urine disease (MSUD) in comparison to healthy controls,人全血,10.21228/M8DR7V,https://www.metabolomicsworkbench.org/data/DRCCMetadata.php?Mode=Study&StudyID=ST003792,sheet_data.json; https://www.metabolomicsworkbench.org/data/DRCCMetadata.php?Mode=Study&StudyID=ST003792,File-level instrument/polarity mapping; 本地文件为 AG-88-11 的不同离子模式/重复
Blood-15V,ST001873,PR001182,SCIEX 5600+ TripleTOF,SCIEX TripleTOF,BN20581211,"Waters ACQUITY UPLC BEH C8 (100 × 2.1 mm, 1.7 µm)",Reversed phase,unknown,positive,unknown,DG01,Metabolomics Workbench,Metabolomics analysis of multiple samples on AB 5600-Part 1,血液 / 尿液 / HepG2 细胞,10.21228/M8XD6P,https://www.metabolomicsworkbench.org/data/DRCCMetadata.php?Mode=Study&StudyID=ST001873,sheet_data.json; https://www.metabolomicsworkbench.org/data/DRCCMetadata.php?Mode=Study&StudyID=ST001873,File-level instrument/polarity mapping; HepG2-30V 有一份处理目录副本；色谱柱信息由用户补充。
Blood-30V,ST001873,PR001182,SCIEX 5600+ TripleTOF,SCIEX TripleTOF,BN20581211,"Waters ACQUITY UPLC BEH C8 (100 × 2.1 mm, 1.7 µm)",Reversed phase,unknown,positive,unknown,DG01,Metabolomics Workbench,Metabolomics analysis of multiple samples on AB 5600-Part 1,血液 / 尿液 / HepG2 细胞,10.21228/M8XD6P,https://www.metabolomicsworkbench.org/data/DRCCMetadata.php?Mode=Study&StudyID=ST001873,sheet_data.json; https://www.metabolomicsworkbench.org/data/DRCCMetadata.php?Mode=Study&StudyID=ST001873,File-level instrument/polarity mapping; HepG2-30V 有一份处理目录副本；色谱柱信息由用户补充。
D03P_POS,ST003514,PR002159,Agilent 6545 QTOF,Agilent QTOF,SG1734E101,"Agilent InfinityLab Poroshell 120 EC-C18 (100 × 3 mm, 2.7 µm)",Reversed phase,Agilent 1290 Infinity II,positive,AN005769；AN005770,DG12,Metabolomics Workbench,Highly reliable LC-MS lipidomics database for efficient human plasma profiling based on NIST SRM 1950,人血浆 / NIST SRM 1950,10.21228/M8JK0Q,https://www.metabolomicsworkbench.org/data/DRCCMetadata.php?Mode=Study&StudyID=ST003514,sheet_data.json; https://www.metabolomicsworkbench.org/data/DRCCMetadata.php?Mode=Study&StudyID=ST003514,File-level instrument/polarity mapping; NIST_Full scan_1_POS 有两份同名本地副本
D04P_NEG,ST003514,PR002159,Agilent 6545 QTOF,Agilent QTOF,SG1734E101,"Agilent InfinityLab Poroshell 120 EC-C18 (100 × 3 mm, 2.7 µm)",Reversed phase,Agilent 1290 Infinity II,negative,AN005769；AN005770,DG11,Metabolomics Workbench,Highly reliable LC-MS lipidomics database for efficient human plasma profiling based on NIST SRM 1950,人血浆 / NIST SRM 1950,10.21228/M8JK0Q,https://www.metabolomicsworkbench.org/data/DRCCMetadata.php?Mode=Study&StudyID=ST003514,sheet_data.json; https://www.metabolomicsworkbench.org/data/DRCCMetadata.php?Mode=Study&StudyID=ST003514,File-level instrument/polarity mapping; NIST_Full scan_1_POS 有两份同名本地副本
D06P_POS,ST003514,PR002159,Agilent 6545 QTOF,Agilent QTOF,SG1734E101,"Agilent InfinityLab Poroshell 120 EC-C18 (100 × 3 mm, 2.7 µm)",Reversed phase,Agilent 1290 Infinity II,positive,AN005769；AN005770,DG12,Metabolomics Workbench,Highly reliable LC-MS lipidomics database for efficient human plasma profiling based on NIST SRM 1950,人血浆 / NIST SRM 1950,10.21228/M8JK0Q,https://www.metabolomicsworkbench.org/data/DRCCMetadata.php?Mode=Study&StudyID=ST003514,sheet_data.json; https://www.metabolomicsworkbench.org/data/DRCCMetadata.php?Mode=Study&StudyID=ST003514,File-level instrument/polarity mapping; NIST_Full scan_1_POS 有两份同名本地副本
D07P_NEG,ST003514,PR002159,Agilent 6545 QTOF,Agilent QTOF,SG1734E101,"Agilent InfinityLab Poroshell 120 EC-C18 (100 × 3 mm, 2.7 µm)",Reversed phase,Agilent 1290 Infinity II,negative,AN005769；AN005770,DG11,Metabolomics Workbench,Highly reliable LC-MS lipidomics database for efficient human plasma profiling based on NIST SRM 1950,人血浆 / NIST SRM 1950,10.21228/M8JK0Q,https://www.metabolomicsworkbench.org/data/DRCCMetadata.php?Mode=Study&StudyID=ST003514,sheet_data.json; https://www.metabolomicsworkbench.org/data/DRCCMetadata.php?Mode=Study&StudyID=ST003514,File-level instrument/polarity mapping; NIST_Full scan_1_POS 有两份同名本地副本
HepG2-30V,ST001873,PR001182,SCIEX 5600+ TripleTOF,SCIEX TripleTOF,BN20581211,"Waters ACQUITY UPLC BEH C8 (100 × 2.1 mm, 1.7 µm)",Reversed phase,unknown,positive,unknown,DG01,Metabolomics Workbench,Metabolomics analysis of multiple samples on AB 5600-Part 1,血液 / 尿液 / HepG2 细胞,10.21228/M8XD6P,https://www.metabolomicsworkbench.org/data/DRCCMetadata.php?Mode=Study&StudyID=ST001873,sheet_data.json; https://www.metabolomicsworkbench.org/data/DRCCMetadata.php?Mode=Study&StudyID=ST001873,File-level instrument/polarity mapping; HepG2-30V 有一份处理目录副本；色谱柱信息由用户补充。
HetCD_mixneg,ST003127,PR001944,Thermo Q Exactive Orbitrap,Thermo Exactive Orbitrap,Exactive Series slot #1360,"Imtakt Cadenza CD-C18 (150 × 2.1 mm, 3 µm)",Reversed phase,Thermo Vanquish,negative,AN005126；AN005127,DG07,Metabolomics Workbench,Effect of high fat diet on heart lipidome in CHCHD10 mutant mice,小鼠心脏,10.21228/M8FD9G,https://www.metabolomicsworkbench.org/data/DRCCMetadata.php?Mode=Study&StudyID=ST003127,sheet_data.json; https://www.metabolomicsworkbench.org/data/DRCCMetadata.php?Mode=Study&StudyID=ST003127,File-level instrument/polarity mapping; 无明显冲突
NIST_Full scan_1_POS,ST003514,PR002159,Agilent 6545 QTOF,Agilent QTOF,SG1734E101,"Agilent InfinityLab Poroshell 120 EC-C18 (100 × 3 mm, 2.7 µm)",Reversed phase,Agilent 1290 Infinity II,positive,AN005769；AN005770,DG12,Metabolomics Workbench,Highly reliable LC-MS lipidomics database for efficient human plasma profiling based on NIST SRM 1950,人血浆 / NIST SRM 1950,10.21228/M8JK0Q,https://www.metabolomicsworkbench.org/data/DRCCMetadata.php?Mode=Study&StudyID=ST003514,sheet_data.json; https://www.metabolomicsworkbench.org/data/DRCCMetadata.php?Mode=Study&StudyID=ST003514,File-level instrument/polarity mapping; NIST_Full scan_1_POS 有两份同名本地副本
NIST_Full scan_2_NEG,ST003514,PR002159,Agilent 6545 QTOF,Agilent QTOF,SG1734E101,"Agilent InfinityLab Poroshell 120 EC-C18 (100 × 3 mm, 2.7 µm)",Reversed phase,Agilent 1290 Infinity II,negative,AN005769；AN005770,DG11,Metabolomics Workbench,Highly reliable LC-MS lipidomics database for efficient human plasma profiling based on NIST SRM 1950,人血浆 / NIST SRM 1950,10.21228/M8JK0Q,https://www.metabolomicsworkbench.org/data/DRCCMetadata.php?Mode=Study&StudyID=ST003514,sheet_data.json; https://www.metabolomicsworkbench.org/data/DRCCMetadata.php?Mode=Study&StudyID=ST003514,File-level instrument/polarity mapping; NIST_Full scan_1_POS 有两份同名本地副本
Sphingolipid-BTSPT-Cell-pellet_1,ST003941,PR002470,Thermo Orbitrap ID-X Tribrid,Thermo Orbitrap Tribrid,fsn30010,"Waters ACQUITY UPLC BEH C8 (100 × 2.1 mm, 1.7 µm)",Reversed phase,Shimadzu Nexera X2,positive,AN006477,DG15,Metabolomics Workbench,Lipidomic analysis of Bacteroides thetaiotaomicron WT vs SPT KO (sphingolipid-deficient) outer membrane vesicles (OMVs) and whole cells.,细菌细胞 / OMVs,10.21228/M8C82T,https://www.metabolomicsworkbench.org/data/DRCCMetadata.php?Mode=Study&StudyID=ST003941,sheet_data.json; https://www.metabolomicsworkbench.org/data/DRCCMetadata.php?Mode=Study&StudyID=ST003941,File-level instrument/polarity mapping; 官方本地样本 ID 使用 BTSPTWC/BTSPTOMV 等缩写，与文件名语义一致
Sphingolipid-BTSPT-OMV_1,ST003941,PR002470,Thermo Orbitrap ID-X Tribrid,Thermo Orbitrap Tribrid,fsn30010,"Waters ACQUITY UPLC BEH C8 (100 × 2.1 mm, 1.7 µm)",Reversed phase,Shimadzu Nexera X2,positive,AN006477,DG15,Metabolomics Workbench,Lipidomic analysis of Bacteroides thetaiotaomicron WT vs SPT KO (sphingolipid-deficient) outer membrane vesicles (OMVs) and whole cells.,细菌细胞 / OMVs,10.21228/M8C82T,https://www.metabolomicsworkbench.org/data/DRCCMetadata.php?Mode=Study&StudyID=ST003941,sheet_data.json; https://www.metabolomicsworkbench.org/data/DRCCMetadata.php?Mode=Study&StudyID=ST003941,File-level instrument/polarity mapping; 官方本地样本 ID 使用 BTSPTWC/BTSPTOMV 等缩写，与文件名语义一致
Sphingolipid-BTWT-Cell-pellet_1,ST003941,PR002470,Thermo Orbitrap ID-X Tribrid,Thermo Orbitrap Tribrid,fsn30010,"Waters ACQUITY UPLC BEH C8 (100 × 2.1 mm, 1.7 µm)",Reversed phase,Shimadzu Nexera X2,positive,AN006477,DG15,Metabolomics Workbench,Lipidomic analysis of Bacteroides thetaiotaomicron WT vs SPT KO (sphingolipid-deficient) outer membrane vesicles (OMVs) and whole cells.,细菌细胞 / OMVs,10.21228/M8C82T,https://www.metabolomicsworkbench.org/data/DRCCMetadata.php?Mode=Study&StudyID=ST003941,sheet_data.json; https://www.metabolomicsworkbench.org/data/DRCCMetadata.php?Mode=Study&StudyID=ST003941,File-level instrument/polarity mapping; 官方本地样本 ID 使用 BTSPTWC/BTSPTOMV 等缩写，与文件名语义一致
Urine-15V,ST001873,PR001182,SCIEX 5600+ TripleTOF,SCIEX TripleTOF,BN20581211,"Waters ACQUITY UPLC BEH C8 (100 × 2.1 mm, 1.7 µm)",Reversed phase,unknown,positive,unknown,DG01,Metabolomics Workbench,Metabolomics analysis of multiple samples on AB 5600-Part 1,血液 / 尿液 / HepG2 细胞,10.21228/M8XD6P,https://www.metabolomicsworkbench.org/data/DRCCMetadata.php?Mode=Study&StudyID=ST001873,sheet_data.json; https://www.metabolomicsworkbench.org/data/DRCCMetadata.php?Mode=Study&StudyID=ST001873,File-level instrument/polarity mapping; HepG2-30V 有一份处理目录副本；色谱柱信息由用户补充。
Urine-30V,ST001873,PR001182,SCIEX 5600+ TripleTOF,SCIEX TripleTOF,BN20581211,"Waters ACQUITY UPLC BEH C8 (100 × 2.1 mm, 1.7 µm)",Reversed phase,unknown,positive,unknown,DG01,Metabolomics Workbench,Metabolomics analysis of multiple samples on AB 5600-Part 1,血液 / 尿液 / HepG2 细胞,10.21228/M8XD6P,https://www.metabolomicsworkbench.org/data/DRCCMetadata.php?Mode=Study&StudyID=ST001873,sheet_data.json; https://www.metabolomicsworkbench.org/data/DRCCMetadata.php?Mode=Study&StudyID=ST001873,File-level instrument/polarity mapping; HepG2-30V 有一份处理目录副本；色谱柱信息由用户补充。
WTHFD_mixpos,ST003127,PR001944,Thermo Q Exactive Orbitrap,Thermo Exactive Orbitrap,Exactive Series slot #1360,"Imtakt Cadenza CD-C18 (150 × 2.1 mm, 3 µm)",Reversed phase,Thermo Vanquish,positive,AN005126；AN005127,DG08,Metabolomics Workbench,Effect of high fat diet on heart lipidome in CHCHD10 mutant mice,小鼠心脏,10.21228/M8FD9G,https://www.metabolomicsworkbench.org/data/DRCCMetadata.php?Mode=Study&StudyID=ST003127,sheet_data.json; https://www.metabolomicsworkbench.org/data/DRCCMetadata.php?Mode=Study&StudyID=ST003127,File-level instrument/polarity mapping; 无明显冲突
frag1_pos20_1,自采,unknown,Agilent 6546 QTOF,Agilent QTOF,SG2402E203,unknown,unknown,unknown,positive,unknown,DG17,自有数据,frag1 自采数据（非公开数据集）,unknown,unknown,本地自采,sheet_data.json; 本地自采,File-level instrument/polarity mapping; 无待确认项。
