group_type,group_value,samples,score_threshold,iou_threshold,true_positive,false_positive,false_negative,precision,recall,f1,matched_mean_iou,matched_median_iou,left_boundary_mae_px,right_boundary_mae_px,width_mae_px,center_mae_px,box_coordinate_mae_px,exact_peak_count_accuracy,peak_count_mae,predictions_per_image
peak_count_class,empty,602,0.55,0.5,0,146,0,0.0,0.0,0.0,0.0,0.0,0.0,0.0,0.0,0.0,0.0,0.8289036544850499,0.2425249169435216,0.2425249169435216
peak_count_class,multi,1037,0.55,0.5,2357,177,398,0.9301499605367008,0.855535390199637,0.8912837965588958,0.8765278472756752,0.9004725813865662,2.8163999266982533,3.7901032083258066,5.552843725878554,2.398610279729015,2.278250176369461,0.6721311475409836,0.390549662487946,2.443587270973963
peak_count_class,single,991,0.55,0.5,932,179,59,0.8388838883888389,0.9404641775983855,0.8867745004757374,0.8734046789965404,0.9037527441978455,4.087290751575912,5.691795087167633,8.152880983802893,3.5405507558405143,3.2126777059530496,0.8718466195761857,0.14530776992936428,1.1210898082744702
source_file,D03P_POS,514,0.55,0.5,979,71,163,0.9323809523809524,0.8572679509632224,0.8932481751824818,0.8733866605622289,0.9017643332481384,3.427419835870916,4.34627292933089,6.656131950900552,2.8445942677078015,2.522525860413346,0.7470817120622568,0.3035019455252918,2.0428015564202333
source_file,D04P_NEG,302,0.55,0.5,346,45,32,0.8849104859335039,0.9153439153439153,0.8998699609882965,0.8744940054899006,0.8954794108867645,3.028019469597436,4.425160446607998,6.305055938015094,2.514756351537098,2.5635237914289353,0.847682119205298,0.18211920529801323,1.294701986754967
source_file,D06P_POS,517,0.55,0.5,880,157,112,0.8486017357762777,0.8870967741935484,0.8674223755544603,0.8808260691436854,0.9038439989089966,2.830766287716952,4.271215707605536,5.841022240031849,2.597094839269465,2.336238640004938,0.7176015473887815,0.3617021276595745,2.0058027079303673
source_file,D07P_NEG,284,0.55,0.5,299,82,21,0.7847769028871391,0.934375,0.8530670470756063,0.8657618904592201,0.8907739520072937,2.965127747194424,5.606100254632956,7.638296682300377,2.930368480873746,3.0122372617689663,0.7640845070422535,0.2852112676056338,1.341549295774648
source_file,NIST_Full scan_1_POS,502,0.55,0.5,350,70,39,0.8333333333333334,0.8997429305912596,0.865265760197775,0.8766742551326752,0.8965329825878143,2.7379168047223774,3.7860897391183035,5.448213479178293,2.4394903346470422,2.424161393301828,0.8366533864541833,0.1892430278884462,0.8366533864541833
source_file,NIST_Full scan_2_NEG,511,0.55,0.5,435,77,90,0.849609375,0.8285714285714286,0.8389585342333655,0.8771105629274215,0.9077255129814148,3.9277067600995643,3.889412329662805,6.109908522682629,2.9492160840966237,2.764399554811675,0.8062622309197651,0.23679060665362034,1.0019569471624266
