sample_id,source_file,true_peak_count_class,seed_label,seed_probability,seed_prediction,correct
HetCD_mixneg__F10000,HetCD_mixneg,single,1,1.0,1,True
HetCD_mixneg__F10022,HetCD_mixneg,empty,0,3.7550926208496094e-06,0,True
HetCD_mixneg__F10138,HetCD_mixneg,single,1,0.97705078125,1,True
HetCD_mixneg__F10185,HetCD_mixneg,single,1,1.0,1,True
HetCD_mixneg__F10200,HetCD_mixneg,empty,0,9.5367431640625e-07,0,True
HetCD_mixneg__F10372,HetCD_mixneg,empty,0,4.76837158203125e-07,0,True
HetCD_mixneg__F10385,HetCD_mixneg,empty,0,2.7418136596679688e-06,0,True
HetCD_mixneg__F10435,HetCD_mixneg,empty,0,5.960464477539063e-08,0,True
HetCD_mixneg__F10462,HetCD_mixneg,multi,1,1.0,1,True
HetCD_mixneg__F1053,HetCD_mixneg,empty,0,1.8477439880371094e-06,0,True
HetCD_mixneg__F1057,HetCD_mixneg,empty,0,0.0,0,True
HetCD_mixneg__F10575,HetCD_mixneg,single,1,0.99951171875,1,True
HetCD_mixneg__F10600,HetCD_mixneg,multi,1,1.0,1,True
HetCD_mixneg__F10601,HetCD_mixneg,multi,1,1.0,1,True
HetCD_mixneg__F1064,HetCD_mixneg,empty,0,0.0,0,True
HetCD_mixneg__F10735,HetCD_mixneg,empty,0,0.0,0,True
HetCD_mixneg__F10747,HetCD_mixneg,empty,0,3.5762786865234375e-07,0,True
HetCD_mixneg__F1078,HetCD_mixneg,empty,0,0.0,0,True
HetCD_mixneg__F10797,HetCD_mixneg,empty,0,0.0,0,True
HetCD_mixneg__F10853,HetCD_mixneg,empty,0,0.0,0,True
HetCD_mixneg__F10873,HetCD_mixneg,single,1,0.99658203125,1,True
HetCD_mixneg__F10903,HetCD_mixneg,empty,0,0.0,0,True
HetCD_mixneg__F1093,HetCD_mixneg,single,1,1.0,1,True
HetCD_mixneg__F10937,HetCD_mixneg,empty,0,0.0,0,True
HetCD_mixneg__F10946,HetCD_mixneg,multi,1,1.0,1,True
HetCD_mixneg__F1098,HetCD_mixneg,empty,0,1.7881393432617188e-07,0,True
HetCD_mixneg__F11001,HetCD_mixneg,single,1,1.0,1,True
HetCD_mixneg__F11052,HetCD_mixneg,empty,0,2.1278858184814453e-05,0,True
HetCD_mixneg__F11091,HetCD_mixneg,multi,1,0.367431640625,0,False
HetCD_mixneg__F11118,HetCD_mixneg,multi,1,0.00027370452880859375,0,False
HetCD_mixneg__F11128,HetCD_mixneg,empty,0,0.0,0,True
HetCD_mixneg__F1115,HetCD_mixneg,empty,0,1.1920928955078125e-07,0,True
HetCD_mixneg__F11151,HetCD_mixneg,empty,0,0.0,0,True
HetCD_mixneg__F11265,HetCD_mixneg,single,1,1.0,1,True
HetCD_mixneg__F11321,HetCD_mixneg,multi,1,0.71875,1,True
HetCD_mixneg__F11347,HetCD_mixneg,empty,0,4.76837158203125e-07,0,True
HetCD_mixneg__F11377,HetCD_mixneg,empty,0,1.3709068298339844e-06,0,True
HetCD_mixneg__F11386,HetCD_mixneg,single,1,1.0,1,True
HetCD_mixneg__F11421,HetCD_mixneg,empty,0,1.8477439880371094e-06,0,True
HetCD_mixneg__F11468,HetCD_mixneg,empty,0,0.094482421875,0,True
HetCD_mixneg__F11488,HetCD_mixneg,empty,0,0.0496826171875,0,True
HetCD_mixneg__F11500,HetCD_mixneg,single,1,1.0,1,True
HetCD_mixneg__F11582,HetCD_mixneg,single,1,1.0,1,True
HetCD_mixneg__F11644,HetCD_mixneg,single,1,0.9931640625,1,True
HetCD_mixneg__F11713,HetCD_mixneg,single,1,1.0,1,True
HetCD_mixneg__F11720,HetCD_mixneg,empty,0,0.0001398324966430664,0,True
HetCD_mixneg__F11828,HetCD_mixneg,empty,0,0.0,0,True
HetCD_mixneg__F11863,HetCD_mixneg,multi,1,1.0,1,True
HetCD_mixneg__F11887,HetCD_mixneg,empty,0,0.0,0,True
HetCD_mixneg__F11938,HetCD_mixneg,multi,1,1.0,1,True
HetCD_mixneg__F12013,HetCD_mixneg,single,0,5.960464477539063e-08,0,True
HetCD_mixneg__F12064,HetCD_mixneg,empty,0,5.960464477539063e-08,0,True
HetCD_mixneg__F12070,HetCD_mixneg,empty,0,8.887052536010742e-05,0,True
HetCD_mixneg__F12091,HetCD_mixneg,multi,1,1.0,1,True
HetCD_mixneg__F12118,HetCD_mixneg,multi,1,2.390146255493164e-05,0,False
HetCD_mixneg__F12124,HetCD_mixneg,empty,0,0.0,0,True
HetCD_mixneg__F12135,HetCD_mixneg,empty,0,0.0,0,True
HetCD_mixneg__F1216,HetCD_mixneg,empty,0,0.0,0,True
HetCD_mixneg__F12163,HetCD_mixneg,empty,0,4.76837158203125e-07,0,True
HetCD_mixneg__F12168,HetCD_mixneg,empty,0,0.0,0,True
HetCD_mixneg__F12234,HetCD_mixneg,empty,0,2.384185791015625e-06,0,True
HetCD_mixneg__F12278,HetCD_mixneg,empty,0,2.384185791015625e-07,0,True
HetCD_mixneg__F12315,HetCD_mixneg,empty,0,0.0003542900085449219,0,True
HetCD_mixneg__F12321,HetCD_mixneg,empty,0,0.0,0,True
HetCD_mixneg__F12417,HetCD_mixneg,empty,0,0.0,0,True
HetCD_mixneg__F1244,HetCD_mixneg,empty,0,0.0,0,True
HetCD_mixneg__F12482,HetCD_mixneg,empty,0,0.0,0,True
HetCD_mixneg__F12557,HetCD_mixneg,empty,0,0.0,0,True
HetCD_mixneg__F12605,HetCD_mixneg,single,1,1.0,1,True
HetCD_mixneg__F12624,HetCD_mixneg,multi,1,1.0,1,True
HetCD_mixneg__F12629,HetCD_mixneg,empty,0,0.0,0,True
HetCD_mixneg__F12668,HetCD_mixneg,empty,0,0.0,0,True
HetCD_mixneg__F1273,HetCD_mixneg,empty,0,0.0,0,True
HetCD_mixneg__F12748,HetCD_mixneg,empty,0,0.0,0,True
HetCD_mixneg__F12789,HetCD_mixneg,empty,0,0.0,0,True
HetCD_mixneg__F12848,HetCD_mixneg,single,1,0.23828125,0,False
HetCD_mixneg__F12877,HetCD_mixneg,empty,0,1.0132789611816406e-06,0,True
HetCD_mixneg__F12888,HetCD_mixneg,empty,0,0.00044083595275878906,0,True
HetCD_mixneg__F1289,HetCD_mixneg,empty,0,0.0,0,True
HetCD_mixneg__F12899,HetCD_mixneg,empty,0,0.0,0,True
HetCD_mixneg__F12910,HetCD_mixneg,empty,0,0.0,0,True
HetCD_mixneg__F12918,HetCD_mixneg,single,1,1.0,1,True
HetCD_mixneg__F12960,HetCD_mixneg,single,1,0.028106689453125,0,False
HetCD_mixneg__F12972,HetCD_mixneg,multi,1,1.0,1,True
HetCD_mixneg__F1298,HetCD_mixneg,single,1,0.6064453125,1,True
HetCD_mixneg__F13112,HetCD_mixneg,empty,0,0.0,0,True
HetCD_mixneg__F13133,HetCD_mixneg,multi,0,4.947185516357422e-05,0,True
HetCD_mixneg__F13166,HetCD_mixneg,multi,1,1.0,1,True
HetCD_mixneg__F13212,HetCD_mixneg,single,1,0.98974609375,1,True
HetCD_mixneg__F13250,HetCD_mixneg,empty,0,0.0,0,True
HetCD_mixneg__F13253,HetCD_mixneg,empty,0,0.0,0,True
HetCD_mixneg__F13268,HetCD_mixneg,empty,0,3.874301910400391e-06,0,True
HetCD_mixneg__F13316,HetCD_mixneg,single,1,0.99853515625,1,True
HetCD_mixneg__F13346,HetCD_mixneg,single,1,0.99951171875,1,True
HetCD_mixneg__F13368,HetCD_mixneg,empty,0,5.960464477539063e-08,0,True
HetCD_mixneg__F134,HetCD_mixneg,empty,0,1.1920928955078125e-07,0,True
HetCD_mixneg__F13414,HetCD_mixneg,empty,0,0.0,0,True
HetCD_mixneg__F13531,HetCD_mixneg,empty,0,0.0,0,True
HetCD_mixneg__F13537,HetCD_mixneg,empty,0,2.384185791015625e-07,0,True
HetCD_mixneg__F13574,HetCD_mixneg,single,1,1.0,1,True
HetCD_mixneg__F13590,HetCD_mixneg,single,1,1.0,1,True
HetCD_mixneg__F13631,HetCD_mixneg,multi,1,1.0,1,True
HetCD_mixneg__F13802,HetCD_mixneg,empty,0,4.410743713378906e-06,0,True
HetCD_mixneg__F13830,HetCD_mixneg,single,1,0.99755859375,1,True
HetCD_mixneg__F13882,HetCD_mixneg,empty,0,3.516674041748047e-06,0,True
HetCD_mixneg__F13886,HetCD_mixneg,empty,0,0.99755859375,1,False
HetCD_mixneg__F13895,HetCD_mixneg,empty,0,1.5497207641601562e-06,0,True
HetCD_mixneg__F13904,HetCD_mixneg,empty,0,0.1444091796875,0,True
HetCD_mixneg__F13912,HetCD_mixneg,single,1,0.99560546875,1,True
HetCD_mixneg__F13957,HetCD_mixneg,empty,0,5.960464477539063e-08,0,True
HetCD_mixneg__F13962,HetCD_mixneg,empty,0,9.655952453613281e-06,0,True
HetCD_mixneg__F13982,HetCD_mixneg,empty,0,5.960464477539063e-08,0,True
HetCD_mixneg__F13985,HetCD_mixneg,empty,0,0.0,0,True
HetCD_mixneg__F1399,HetCD_mixneg,empty,0,0.0,0,True
HetCD_mixneg__F140,HetCD_mixneg,empty,0,4.172325134277344e-07,0,True
HetCD_mixneg__F14045,HetCD_mixneg,single,1,1.0,1,True
HetCD_mixneg__F14055,HetCD_mixneg,empty,0,1.7881393432617188e-07,0,True
HetCD_mixneg__F14091,HetCD_mixneg,empty,0,6.556510925292969e-07,0,True
HetCD_mixneg__F14143,HetCD_mixneg,empty,0,0.00014543533325195312,0,True
HetCD_mixneg__F14239,HetCD_mixneg,single,1,1.0,1,True
HetCD_mixneg__F14281,HetCD_mixneg,empty,0,0.0,0,True
HetCD_mixneg__F14342,HetCD_mixneg,single,1,1.0,1,True
HetCD_mixneg__F14356,HetCD_mixneg,single,1,1.0,1,True
HetCD_mixneg__F14407,HetCD_mixneg,empty,0,0.0,0,True
HetCD_mixneg__F14433,HetCD_mixneg,single,0,0.0,0,True
HetCD_mixneg__F14471,HetCD_mixneg,single,1,1.0,1,True
HetCD_mixneg__F14546,HetCD_mixneg,empty,0,1.1920928955078125e-07,0,True
HetCD_mixneg__F14660,HetCD_mixneg,empty,0,1.7881393432617188e-07,0,True
HetCD_mixneg__F14754,HetCD_mixneg,empty,0,1.2099742889404297e-05,0,True
HetCD_mixneg__F14780,HetCD_mixneg,empty,0,0.0,0,True
HetCD_mixneg__F14883,HetCD_mixneg,multi,1,1.0,1,True
HetCD_mixneg__F1490,HetCD_mixneg,empty,0,0.0,0,True
HetCD_mixneg__F15226,HetCD_mixneg,multi,1,1.0,1,True
HetCD_mixneg__F15327,HetCD_mixneg,single,1,1.0,1,True
HetCD_mixneg__F15446,HetCD_mixneg,empty,0,0.00016736984252929688,0,True
HetCD_mixneg__F15583,HetCD_mixneg,single,1,1.0,1,True
HetCD_mixneg__F15617,HetCD_mixneg,empty,0,1.806020736694336e-05,0,True
HetCD_mixneg__F15664,HetCD_mixneg,single,1,1.0,1,True
HetCD_mixneg__F15720,HetCD_mixneg,empty,0,9.834766387939453e-06,0,True
HetCD_mixneg__F15841,HetCD_mixneg,empty,0,0.0,0,True
HetCD_mixneg__F15912,HetCD_mixneg,empty,0,9.387731552124023e-05,0,True
HetCD_mixneg__F15934,HetCD_mixneg,empty,0,0.10357666015625,0,True
HetCD_mixneg__F1600,HetCD_mixneg,empty,0,0.0,0,True
HetCD_mixneg__F16007,HetCD_mixneg,single,1,1.0,1,True
HetCD_mixneg__F1612,HetCD_mixneg,empty,0,0.0,0,True
HetCD_mixneg__F16124,HetCD_mixneg,single,1,0.053985595703125,0,False
HetCD_mixneg__F16133,HetCD_mixneg,empty,0,5.364418029785156e-06,0,True
HetCD_mixneg__F16142,HetCD_mixneg,empty,0,0.0,0,True
HetCD_mixneg__F16204,HetCD_mixneg,multi,1,0.99951171875,1,True
HetCD_mixneg__F16270,HetCD_mixneg,empty,0,3.5762786865234375e-07,0,True
HetCD_mixneg__F16302,HetCD_mixneg,multi,1,1.0,1,True
HetCD_mixneg__F16321,HetCD_mixneg,empty,0,4.291534423828125e-06,0,True
HetCD_mixneg__F16363,HetCD_mixneg,empty,0,5.960464477539063e-08,0,True
HetCD_mixneg__F16419,HetCD_mixneg,multi,1,0.99951171875,1,True
HetCD_mixneg__F16473,HetCD_mixneg,empty,0,0.00020182132720947266,0,True
HetCD_mixneg__F16506,HetCD_mixneg,multi,1,0.0008106231689453125,0,False
HetCD_mixneg__F16571,HetCD_mixneg,empty,0,0.0,0,True
HetCD_mixneg__F16599,HetCD_mixneg,empty,0,0.0110321044921875,0,True
HetCD_mixneg__F16605,HetCD_mixneg,single,1,0.99853515625,1,True
HetCD_mixneg__F1663,HetCD_mixneg,empty,0,0.0,0,True
HetCD_mixneg__F16635,HetCD_mixneg,single,1,0.8759765625,1,True
HetCD_mixneg__F16652,HetCD_mixneg,single,1,0.89306640625,1,True
HetCD_mixneg__F16665,HetCD_mixneg,single,1,0.9990234375,1,True
HetCD_mixneg__F16695,HetCD_mixneg,multi,1,1.0,1,True
HetCD_mixneg__F16700,HetCD_mixneg,empty,0,0.0010004043579101562,0,True
HetCD_mixneg__F16720,HetCD_mixneg,multi,1,1.0,1,True
HetCD_mixneg__F16784,HetCD_mixneg,empty,0,3.24249267578125e-05,0,True
HetCD_mixneg__F16977,HetCD_mixneg,empty,0,0.0,0,True
HetCD_mixneg__F1699,HetCD_mixneg,empty,0,5.960464477539063e-08,0,True
HetCD_mixneg__F17011,HetCD_mixneg,empty,0,5.960464477539063e-08,0,True
HetCD_mixneg__F17017,HetCD_mixneg,empty,0,0.004150390625,0,True
HetCD_mixneg__F17028,HetCD_mixneg,single,0,9.101629257202148e-05,0,True
HetCD_mixneg__F17061,HetCD_mixneg,empty,0,0.0,0,True
HetCD_mixneg__F17063,HetCD_mixneg,single,1,0.11029052734375,0,False
HetCD_mixneg__F17181,HetCD_mixneg,empty,0,7.486343383789062e-05,0,True
HetCD_mixneg__F17184,HetCD_mixneg,single,1,1.0,1,True
HetCD_mixneg__F17186,HetCD_mixneg,single,1,1.0,1,True
HetCD_mixneg__F1720,HetCD_mixneg,empty,0,3.88026237487793e-05,0,True
HetCD_mixneg__F17268,HetCD_mixneg,empty,0,1.1920928955078125e-07,0,True
HetCD_mixneg__F17326,HetCD_mixneg,empty,0,5.364418029785156e-07,0,True
HetCD_mixneg__F17452,HetCD_mixneg,multi,0,1.0371208190917969e-05,0,True
HetCD_mixneg__F1748,HetCD_mixneg,empty,0,4.172325134277344e-07,0,True
HetCD_mixneg__F17561,HetCD_mixneg,multi,1,0.04913330078125,0,False
HetCD_mixneg__F17563,HetCD_mixneg,empty,0,9.5367431640625e-07,0,True
HetCD_mixneg__F17565,HetCD_mixneg,empty,0,0.0,0,True
HetCD_mixneg__F17606,HetCD_mixneg,single,1,0.998046875,1,True
HetCD_mixneg__F17652,HetCD_mixneg,empty,0,0.0,0,True
HetCD_mixneg__F17654,HetCD_mixneg,single,1,1.0,1,True
HetCD_mixneg__F1769,HetCD_mixneg,empty,0,1.1920928955078125e-07,0,True
HetCD_mixneg__F17709,HetCD_mixneg,empty,0,0.0,0,True
HetCD_mixneg__F17712,HetCD_mixneg,empty,0,0.0,0,True
HetCD_mixneg__F17737,HetCD_mixneg,multi,1,0.68701171875,1,True
HetCD_mixneg__F17747,HetCD_mixneg,empty,0,2.86102294921875e-06,0,True
HetCD_mixneg__F17748,HetCD_mixneg,single,1,0.99609375,1,True
HetCD_mixneg__F1789,HetCD_mixneg,empty,0,0.0,0,True
HetCD_mixneg__F17991,HetCD_mixneg,single,0,0.0,0,True
HetCD_mixneg__F18057,HetCD_mixneg,empty,0,0.00010889768600463867,0,True
HetCD_mixneg__F18096,HetCD_mixneg,single,1,2.586841583251953e-05,0,False
HetCD_mixneg__F18106,HetCD_mixneg,empty,0,3.5762786865234375e-07,0,True
HetCD_mixneg__F18152,HetCD_mixneg,multi,1,1.0,1,True
HetCD_mixneg__F1816,HetCD_mixneg,empty,0,0.0,0,True
HetCD_mixneg__F18218,HetCD_mixneg,single,1,1.0,1,True
HetCD_mixneg__F18232,HetCD_mixneg,single,1,0.9990234375,1,True
HetCD_mixneg__F18249,HetCD_mixneg,empty,0,0.060638427734375,0,True
HetCD_mixneg__F18340,HetCD_mixneg,single,1,1.0,1,True
HetCD_mixneg__F18376,HetCD_mixneg,single,1,0.0006771087646484375,0,False
HetCD_mixneg__F18425,HetCD_mixneg,single,1,1.0,1,True
HetCD_mixneg__F18457,HetCD_mixneg,empty,0,0.0030040740966796875,0,True
HetCD_mixneg__F18486,HetCD_mixneg,empty,0,0.00016224384307861328,0,True
HetCD_mixneg__F18501,HetCD_mixneg,multi,1,0.13671875,0,False
HetCD_mixneg__F18511,HetCD_mixneg,single,0,2.0623207092285156e-05,0,True
HetCD_mixneg__F18513,HetCD_mixneg,single,1,1.0,1,True
HetCD_mixneg__F18621,HetCD_mixneg,empty,0,2.562999725341797e-06,0,True
HetCD_mixneg__F1863,HetCD_mixneg,empty,0,1.3113021850585938e-06,0,True
HetCD_mixneg__F18671,HetCD_mixneg,empty,0,2.384185791015625e-07,0,True
HetCD_mixneg__F18703,HetCD_mixneg,empty,0,0.0,0,True
HetCD_mixneg__F18763,HetCD_mixneg,empty,0,8.821487426757812e-05,0,True
HetCD_mixneg__F18843,HetCD_mixneg,single,1,0.0030269622802734375,0,False
HetCD_mixneg__F18887,HetCD_mixneg,empty,0,2.485513687133789e-05,0,True
HetCD_mixneg__F1892,HetCD_mixneg,empty,0,1.0132789611816406e-06,0,True
HetCD_mixneg__F18930,HetCD_mixneg,single,1,0.99951171875,1,True
HetCD_mixneg__F1912,HetCD_mixneg,empty,0,0.0,0,True
HetCD_mixneg__F19164,HetCD_mixneg,single,0,2.384185791015625e-07,0,True
HetCD_mixneg__F19247,HetCD_mixneg,empty,0,1.1920928955078125e-07,0,True
HetCD_mixneg__F19277,HetCD_mixneg,single,0,5.960464477539063e-08,0,True
HetCD_mixneg__F19306,HetCD_mixneg,empty,0,5.960464477539063e-08,0,True
HetCD_mixneg__F19310,HetCD_mixneg,single,1,1.0,1,True
HetCD_mixneg__F19463,HetCD_mixneg,empty,0,0.0,0,True
HetCD_mixneg__F19481,HetCD_mixneg,multi,1,0.99658203125,1,True
HetCD_mixneg__F19485,HetCD_mixneg,empty,0,1.1324882507324219e-06,0,True
HetCD_mixneg__F19584,HetCD_mixneg,empty,0,4.76837158203125e-07,0,True
HetCD_mixneg__F19591,HetCD_mixneg,empty,0,0.00701141357421875,0,True
HetCD_mixneg__F19634,HetCD_mixneg,empty,0,0.093994140625,0,True
HetCD_mixneg__F19751,HetCD_mixneg,empty,0,0.0,0,True
HetCD_mixneg__F19793,HetCD_mixneg,single,1,0.98583984375,1,True
HetCD_mixneg__F19914,HetCD_mixneg,single,1,1.0,1,True
HetCD_mixneg__F19951,HetCD_mixneg,empty,0,5.960464477539063e-08,0,True
HetCD_mixneg__F19954,HetCD_mixneg,empty,0,6.556510925292969e-07,0,True
HetCD_mixneg__F19961,HetCD_mixneg,single,1,1.0,1,True
HetCD_mixneg__F19982,HetCD_mixneg,single,1,1.0,1,True
HetCD_mixneg__F19999,HetCD_mixneg,empty,0,0.0007977485656738281,0,True
HetCD_mixneg__F20000,HetCD_mixneg,single,1,1.0,1,True
HetCD_mixneg__F20018,HetCD_mixneg,single,1,0.00051116943359375,0,False
HetCD_mixneg__F20079,HetCD_mixneg,single,1,0.93359375,1,True
HetCD_mixneg__F20119,HetCD_mixneg,single,1,1.0,1,True
HetCD_mixneg__F20130,HetCD_mixneg,single,1,0.7373046875,1,True
HetCD_mixneg__F20135,HetCD_mixneg,empty,0,5.608797073364258e-05,0,True
HetCD_mixneg__F20141,HetCD_mixneg,empty,0,0.0,0,True
HetCD_mixneg__F20145,HetCD_mixneg,empty,0,2.9206275939941406e-06,0,True
HetCD_mixneg__F20165,HetCD_mixneg,single,1,1.0,1,True
HetCD_mixneg__F20167,HetCD_mixneg,multi,1,0.53759765625,1,True
HetCD_mixneg__F20220,HetCD_mixneg,multi,1,0.32568359375,0,False
HetCD_mixneg__F20233,HetCD_mixneg,single,1,1.0,1,True
HetCD_mixneg__F20282,HetCD_mixneg,empty,0,1.1920928955078125e-07,0,True
HetCD_mixneg__F20376,HetCD_mixneg,empty,0,0.00044417381286621094,0,True
HetCD_mixneg__F2044,HetCD_mixneg,single,1,0.73828125,1,True
HetCD_mixneg__F20488,HetCD_mixneg,multi,1,1.0,1,True
HetCD_mixneg__F20532,HetCD_mixneg,empty,0,0.0,0,True
HetCD_mixneg__F20575,HetCD_mixneg,empty,0,5.0067901611328125e-06,0,True
HetCD_mixneg__F20589,HetCD_mixneg,empty,0,0.0,0,True
HetCD_mixneg__F20616,HetCD_mixneg,single,1,0.09637451171875,0,False
HetCD_mixneg__F20631,HetCD_mixneg,multi,1,1.0,1,True
HetCD_mixneg__F20654,HetCD_mixneg,multi,1,0.99853515625,1,True
HetCD_mixneg__F20701,HetCD_mixneg,multi,1,0.1134033203125,0,False
HetCD_mixneg__F20789,HetCD_mixneg,empty,0,0.0,0,True
HetCD_mixneg__F20816,HetCD_mixneg,multi,1,1.0,1,True
HetCD_mixneg__F20848,HetCD_mixneg,single,1,0.165771484375,0,False
HetCD_mixneg__F20887,HetCD_mixneg,single,0,0.012237548828125,0,True
HetCD_mixneg__F20949,HetCD_mixneg,single,1,0.99609375,1,True
HetCD_mixneg__F20958,HetCD_mixneg,empty,0,1.7881393432617188e-07,0,True
HetCD_mixneg__F20977,HetCD_mixneg,empty,0,4.112720489501953e-06,0,True
HetCD_mixneg__F20988,HetCD_mixneg,multi,1,1.0,1,True
HetCD_mixneg__F21017,HetCD_mixneg,empty,0,2.384185791015625e-07,0,True
HetCD_mixneg__F21074,HetCD_mixneg,empty,0,0.0018310546875,0,True
HetCD_mixneg__F21088,HetCD_mixneg,multi,1,1.0,1,True
HetCD_mixneg__F21142,HetCD_mixneg,empty,0,0.0,0,True
HetCD_mixneg__F21194,HetCD_mixneg,empty,0,8.64267349243164e-06,0,True
HetCD_mixneg__F21200,HetCD_mixneg,multi,1,1.0,1,True
HetCD_mixneg__F21220,HetCD_mixneg,single,1,1.0,1,True
HetCD_mixneg__F21361,HetCD_mixneg,empty,0,3.272294998168945e-05,0,True
HetCD_mixneg__F21415,HetCD_mixneg,single,1,0.9990234375,1,True
HetCD_mixneg__F2190,HetCD_mixneg,single,1,1.0,1,True
HetCD_mixneg__F2196,HetCD_mixneg,empty,0,5.960464477539063e-08,0,True
HetCD_mixneg__F2203,HetCD_mixneg,empty,0,0.0,0,True
HetCD_mixneg__F2291,HetCD_mixneg,empty,0,5.960464477539063e-08,0,True
HetCD_mixneg__F2316,HetCD_mixneg,empty,0,5.960464477539063e-08,0,True
HetCD_mixneg__F2362,HetCD_mixneg,empty,0,0.0,0,True
HetCD_mixneg__F2413,HetCD_mixneg,empty,0,0.0,0,True
HetCD_mixneg__F2426,HetCD_mixneg,empty,0,0.0,0,True
HetCD_mixneg__F2451,HetCD_mixneg,empty,0,0.0,0,True
HetCD_mixneg__F2459,HetCD_mixneg,empty,0,5.960464477539063e-08,0,True
HetCD_mixneg__F248,HetCD_mixneg,empty,0,5.960464477539063e-08,0,True
HetCD_mixneg__F2502,HetCD_mixneg,empty,0,0.0,0,True
HetCD_mixneg__F2517,HetCD_mixneg,empty,0,0.0,0,True
HetCD_mixneg__F2535,HetCD_mixneg,empty,0,0.0,0,True
HetCD_mixneg__F2546,HetCD_mixneg,empty,0,0.0,0,True
HetCD_mixneg__F2580,HetCD_mixneg,empty,0,0.0,0,True
HetCD_mixneg__F2618,HetCD_mixneg,empty,0,0.0,0,True
HetCD_mixneg__F2713,HetCD_mixneg,empty,0,0.0,0,True
HetCD_mixneg__F2755,HetCD_mixneg,multi,1,0.364501953125,0,False
HetCD_mixneg__F2782,HetCD_mixneg,empty,0,0.0005254745483398438,0,True
HetCD_mixneg__F2843,HetCD_mixneg,empty,0,0.0,0,True
HetCD_mixneg__F2930,HetCD_mixneg,empty,0,5.960464477539063e-08,0,True
HetCD_mixneg__F3024,HetCD_mixneg,empty,0,5.960464477539063e-08,0,True
HetCD_mixneg__F3036,HetCD_mixneg,empty,0,0.0,0,True
HetCD_mixneg__F3046,HetCD_mixneg,empty,0,0.0,0,True
HetCD_mixneg__F3107,HetCD_mixneg,empty,0,0.0,0,True
HetCD_mixneg__F3143,HetCD_mixneg,empty,0,5.960464477539063e-08,0,True
HetCD_mixneg__F3231,HetCD_mixneg,empty,0,0.0,0,True
HetCD_mixneg__F3247,HetCD_mixneg,empty,0,0.0,0,True
HetCD_mixneg__F3249,HetCD_mixneg,single,1,0.99658203125,1,True
HetCD_mixneg__F3264,HetCD_mixneg,empty,0,5.960464477539063e-08,0,True
HetCD_mixneg__F3278,HetCD_mixneg,empty,0,1.1920928955078125e-07,0,True
HetCD_mixneg__F3283,HetCD_mixneg,empty,0,0.0,0,True
HetCD_mixneg__F3354,HetCD_mixneg,empty,0,1.7881393432617188e-07,0,True
HetCD_mixneg__F3377,HetCD_mixneg,empty,0,0.0,0,True
HetCD_mixneg__F345,HetCD_mixneg,single,1,1.0,1,True
HetCD_mixneg__F3495,HetCD_mixneg,multi,1,0.0017957687377929688,0,False
HetCD_mixneg__F3499,HetCD_mixneg,empty,0,5.960464477539063e-08,0,True
HetCD_mixneg__F3504,HetCD_mixneg,empty,0,0.0,0,True
HetCD_mixneg__F3529,HetCD_mixneg,empty,0,0.0,0,True
HetCD_mixneg__F3618,HetCD_mixneg,empty,0,0.0,0,True
HetCD_mixneg__F3690,HetCD_mixneg,multi,1,0.0029010772705078125,0,False
HetCD_mixneg__F3711,HetCD_mixneg,empty,0,0.0,0,True
HetCD_mixneg__F3712,HetCD_mixneg,empty,0,1.7881393432617188e-07,0,True
HetCD_mixneg__F3753,HetCD_mixneg,single,1,0.99951171875,1,True
HetCD_mixneg__F3779,HetCD_mixneg,single,1,0.97998046875,1,True
HetCD_mixneg__F3848,HetCD_mixneg,empty,0,0.0,0,True
HetCD_mixneg__F3923,HetCD_mixneg,empty,0,1.7881393432617188e-07,0,True
HetCD_mixneg__F3966,HetCD_mixneg,empty,0,0.0,0,True
HetCD_mixneg__F3994,HetCD_mixneg,empty,0,6.556510925292969e-07,0,True
HetCD_mixneg__F4025,HetCD_mixneg,empty,0,0.0,0,True
HetCD_mixneg__F4033,HetCD_mixneg,single,1,0.9873046875,1,True
HetCD_mixneg__F4049,HetCD_mixneg,empty,0,0.0,0,True
HetCD_mixneg__F4074,HetCD_mixneg,empty,0,5.960464477539063e-08,0,True
HetCD_mixneg__F409,HetCD_mixneg,single,0,0.00020182132720947266,0,True
HetCD_mixneg__F4098,HetCD_mixneg,single,0,3.272294998168945e-05,0,True
HetCD_mixneg__F4105,HetCD_mixneg,empty,0,0.0,0,True
HetCD_mixneg__F4140,HetCD_mixneg,empty,0,0.0,0,True
HetCD_mixneg__F4166,HetCD_mixneg,empty,0,0.0,0,True
HetCD_mixneg__F4167,HetCD_mixneg,empty,0,0.0,0,True
HetCD_mixneg__F4259,HetCD_mixneg,empty,0,0.0,0,True
HetCD_mixneg__F4346,HetCD_mixneg,empty,0,0.0,0,True
HetCD_mixneg__F4392,HetCD_mixneg,empty,0,3.635883331298828e-06,0,True
HetCD_mixneg__F4401,HetCD_mixneg,empty,0,1.329183578491211e-05,0,True
HetCD_mixneg__F4405,HetCD_mixneg,empty,0,0.0,0,True
HetCD_mixneg__F4412,HetCD_mixneg,empty,0,0.0,0,True
HetCD_mixneg__F4421,HetCD_mixneg,empty,0,0.0,0,True
HetCD_mixneg__F4451,HetCD_mixneg,empty,0,0.0,0,True
HetCD_mixneg__F4485,HetCD_mixneg,empty,0,0.0,0,True
HetCD_mixneg__F4505,HetCD_mixneg,empty,0,0.0,0,True
HetCD_mixneg__F4519,HetCD_mixneg,empty,0,0.0,0,True
HetCD_mixneg__F4521,HetCD_mixneg,empty,0,0.0,0,True
HetCD_mixneg__F4580,HetCD_mixneg,empty,0,1.7881393432617188e-07,0,True
HetCD_mixneg__F4601,HetCD_mixneg,empty,0,0.0,0,True
HetCD_mixneg__F4610,HetCD_mixneg,single,1,1.0,1,True
HetCD_mixneg__F4654,HetCD_mixneg,empty,0,5.960464477539063e-08,0,True
HetCD_mixneg__F4697,HetCD_mixneg,empty,0,0.0,0,True
HetCD_mixneg__F4744,HetCD_mixneg,empty,0,0.0,0,True
HetCD_mixneg__F4772,HetCD_mixneg,empty,0,0.0,0,True
HetCD_mixneg__F4773,HetCD_mixneg,empty,0,0.0,0,True
HetCD_mixneg__F4795,HetCD_mixneg,empty,0,0.0,0,True
HetCD_mixneg__F4833,HetCD_mixneg,empty,0,5.960464477539063e-08,0,True
HetCD_mixneg__F4845,HetCD_mixneg,empty,0,0.0002415180206298828,0,True
HetCD_mixneg__F485,HetCD_mixneg,empty,0,0.0,0,True
HetCD_mixneg__F4872,HetCD_mixneg,empty,0,0.0,0,True
HetCD_mixneg__F4990,HetCD_mixneg,single,1,1.0,1,True
HetCD_mixneg__F504,HetCD_mixneg,empty,0,0.0,0,True
HetCD_mixneg__F5099,HetCD_mixneg,empty,0,0.0,0,True
HetCD_mixneg__F5100,HetCD_mixneg,empty,0,0.0,0,True
HetCD_mixneg__F5166,HetCD_mixneg,empty,0,0.0,0,True
HetCD_mixneg__F5199,HetCD_mixneg,empty,0,0.0,0,True
HetCD_mixneg__F5217,HetCD_mixneg,empty,0,0.0,0,True
HetCD_mixneg__F5218,HetCD_mixneg,empty,0,0.0,0,True
HetCD_mixneg__F5231,HetCD_mixneg,empty,0,0.0,0,True
HetCD_mixneg__F5260,HetCD_mixneg,empty,0,0.0,0,True
HetCD_mixneg__F5285,HetCD_mixneg,empty,0,5.960464477539063e-08,0,True
HetCD_mixneg__F5294,HetCD_mixneg,empty,0,0.0,0,True
HetCD_mixneg__F5352,HetCD_mixneg,single,1,1.0,1,True
HetCD_mixneg__F5419,HetCD_mixneg,empty,0,3.516674041748047e-06,0,True
HetCD_mixneg__F5422,HetCD_mixneg,empty,0,0.0,0,True
HetCD_mixneg__F5454,HetCD_mixneg,single,1,1.0,1,True
HetCD_mixneg__F5501,HetCD_mixneg,empty,0,0.0,0,True
HetCD_mixneg__F5529,HetCD_mixneg,empty,0,0.0,0,True
HetCD_mixneg__F5533,HetCD_mixneg,empty,0,9.5367431640625e-07,0,True
HetCD_mixneg__F555,HetCD_mixneg,single,1,1.0,1,True
HetCD_mixneg__F5565,HetCD_mixneg,empty,0,0.0,0,True
HetCD_mixneg__F5594,HetCD_mixneg,empty,0,0.0,0,True
HetCD_mixneg__F5611,HetCD_mixneg,empty,0,0.000690460205078125,0,True
HetCD_mixneg__F5717,HetCD_mixneg,empty,0,0.0,0,True
HetCD_mixneg__F5765,HetCD_mixneg,single,1,0.7001953125,1,True
HetCD_mixneg__F5785,HetCD_mixneg,empty,0,0.0,0,True
HetCD_mixneg__F5864,HetCD_mixneg,multi,1,0.0011739730834960938,0,False
HetCD_mixneg__F5867,HetCD_mixneg,empty,0,0.0005173683166503906,0,True
HetCD_mixneg__F5901,HetCD_mixneg,single,1,1.0,1,True
HetCD_mixneg__F5996,HetCD_mixneg,empty,0,0.0002846717834472656,0,True
HetCD_mixneg__F6004,HetCD_mixneg,single,1,0.395751953125,0,False
HetCD_mixneg__F6025,HetCD_mixneg,empty,0,0.0,0,True
HetCD_mixneg__F607,HetCD_mixneg,empty,0,2.384185791015625e-07,0,True
HetCD_mixneg__F6085,HetCD_mixneg,empty,0,0.0,0,True
HetCD_mixneg__F6162,HetCD_mixneg,empty,0,0.0,0,True
HetCD_mixneg__F6174,HetCD_mixneg,empty,0,0.0,0,True
HetCD_mixneg__F6203,HetCD_mixneg,empty,0,3.5762786865234375e-07,0,True
HetCD_mixneg__F6246,HetCD_mixneg,empty,0,5.960464477539063e-08,0,True
HetCD_mixneg__F6259,HetCD_mixneg,empty,0,0.0,0,True
HetCD_mixneg__F6299,HetCD_mixneg,empty,0,1.4901161193847656e-06,0,True
HetCD_mixneg__F6310,HetCD_mixneg,empty,0,0.0,0,True
HetCD_mixneg__F6329,HetCD_mixneg,empty,0,1.1920928955078125e-07,0,True
HetCD_mixneg__F6356,HetCD_mixneg,empty,0,7.152557373046875e-07,0,True
HetCD_mixneg__F6367,HetCD_mixneg,empty,0,8.344650268554688e-07,0,True
HetCD_mixneg__F6386,HetCD_mixneg,single,1,1.0,1,True
HetCD_mixneg__F6391,HetCD_mixneg,empty,0,0.0,0,True
HetCD_mixneg__F6408,HetCD_mixneg,empty,0,0.0,0,True
HetCD_mixneg__F641,HetCD_mixneg,empty,0,0.0,0,True
HetCD_mixneg__F6425,HetCD_mixneg,empty,0,9.5367431640625e-07,0,True
HetCD_mixneg__F6507,HetCD_mixneg,empty,0,0.0,0,True
HetCD_mixneg__F6527,HetCD_mixneg,single,1,1.0,1,True
HetCD_mixneg__F6528,HetCD_mixneg,empty,0,0.0,0,True
HetCD_mixneg__F6535,HetCD_mixneg,empty,0,0.0,0,True
HetCD_mixneg__F6587,HetCD_mixneg,empty,0,0.0,0,True
HetCD_mixneg__F6600,HetCD_mixneg,empty,0,0.0,0,True
HetCD_mixneg__F6626,HetCD_mixneg,empty,0,0.0,0,True
HetCD_mixneg__F6632,HetCD_mixneg,empty,0,1.996755599975586e-05,0,True
HetCD_mixneg__F6654,HetCD_mixneg,empty,0,0.0,0,True
HetCD_mixneg__F6699,HetCD_mixneg,empty,0,0.0,0,True
HetCD_mixneg__F6869,HetCD_mixneg,empty,0,2.0444393157958984e-05,0,True
HetCD_mixneg__F6904,HetCD_mixneg,empty,0,0.0,0,True
HetCD_mixneg__F6937,HetCD_mixneg,empty,0,0.0,0,True
HetCD_mixneg__F7071,HetCD_mixneg,empty,0,0.0,0,True
HetCD_mixneg__F7154,HetCD_mixneg,empty,0,5.960464477539063e-08,0,True
HetCD_mixneg__F7164,HetCD_mixneg,empty,0,0.0,0,True
HetCD_mixneg__F7200,HetCD_mixneg,empty,0,3.3974647521972656e-05,0,True
HetCD_mixneg__F7216,HetCD_mixneg,empty,0,0.0,0,True
HetCD_mixneg__F7271,HetCD_mixneg,empty,0,0.0,0,True
HetCD_mixneg__F7325,HetCD_mixneg,empty,0,0.0,0,True
HetCD_mixneg__F7360,HetCD_mixneg,empty,0,2.384185791015625e-07,0,True
HetCD_mixneg__F7412,HetCD_mixneg,single,1,0.923828125,1,True
HetCD_mixneg__F7485,HetCD_mixneg,single,1,1.0,1,True
HetCD_mixneg__F7528,HetCD_mixneg,empty,0,3.993511199951172e-06,0,True
HetCD_mixneg__F7538,HetCD_mixneg,single,1,1.0,1,True
HetCD_mixneg__F7629,HetCD_mixneg,multi,1,0.0007295608520507812,0,False
HetCD_mixneg__F7732,HetCD_mixneg,empty,0,1.8477439880371094e-06,0,True
HetCD_mixneg__F7815,HetCD_mixneg,empty,0,1.0132789611816406e-06,0,True
HetCD_mixneg__F7902,HetCD_mixneg,single,1,1.0,1,True
HetCD_mixneg__F7917,HetCD_mixneg,empty,0,1.1920928955078125e-07,0,True
HetCD_mixneg__F7923,HetCD_mixneg,empty,0,0.0,0,True
HetCD_mixneg__F7998,HetCD_mixneg,empty,0,0.0,0,True
HetCD_mixneg__F8019,HetCD_mixneg,single,1,1.0,1,True
HetCD_mixneg__F8047,HetCD_mixneg,empty,0,0.0,0,True
HetCD_mixneg__F8088,HetCD_mixneg,empty,0,5.960464477539063e-08,0,True
HetCD_mixneg__F8095,HetCD_mixneg,empty,0,2.384185791015625e-07,0,True
HetCD_mixneg__F8171,HetCD_mixneg,empty,0,1.7881393432617188e-07,0,True
HetCD_mixneg__F8194,HetCD_mixneg,empty,0,1.7523765563964844e-05,0,True
HetCD_mixneg__F8212,HetCD_mixneg,empty,0,2.384185791015625e-07,0,True
HetCD_mixneg__F8238,HetCD_mixneg,empty,0,0.0,0,True
HetCD_mixneg__F8257,HetCD_mixneg,empty,0,0.0,0,True
HetCD_mixneg__F8263,HetCD_mixneg,empty,0,5.960464477539063e-08,0,True
HetCD_mixneg__F8294,HetCD_mixneg,empty,0,2.980232238769531e-07,0,True
HetCD_mixneg__F8333,HetCD_mixneg,empty,0,0.0,0,True
HetCD_mixneg__F8345,HetCD_mixneg,empty,0,0.0,0,True
HetCD_mixneg__F8359,HetCD_mixneg,empty,0,5.960464477539063e-08,0,True
HetCD_mixneg__F8405,HetCD_mixneg,empty,0,0.0,0,True
HetCD_mixneg__F8507,HetCD_mixneg,empty,0,0.0,0,True
HetCD_mixneg__F8538,HetCD_mixneg,empty,0,8.344650268554688e-07,0,True
HetCD_mixneg__F8539,HetCD_mixneg,empty,0,0.0,0,True
HetCD_mixneg__F8569,HetCD_mixneg,empty,0,0.0,0,True
HetCD_mixneg__F8609,HetCD_mixneg,empty,0,0.0035800933837890625,0,True
HetCD_mixneg__F8648,HetCD_mixneg,empty,0,0.0,0,True
HetCD_mixneg__F8679,HetCD_mixneg,empty,0,0.0,0,True
HetCD_mixneg__F8695,HetCD_mixneg,empty,0,2.0265579223632812e-06,0,True
HetCD_mixneg__F8747,HetCD_mixneg,empty,0,8.821487426757812e-05,0,True
HetCD_mixneg__F8802,HetCD_mixneg,empty,0,0.00017535686492919922,0,True
HetCD_mixneg__F8883,HetCD_mixneg,empty,0,0.00025916099548339844,0,True
HetCD_mixneg__F8910,HetCD_mixneg,empty,0,0.0,0,True
HetCD_mixneg__F8953,HetCD_mixneg,empty,0,3.5762786865234375e-06,0,True
HetCD_mixneg__F8982,HetCD_mixneg,empty,0,1.806020736694336e-05,0,True
HetCD_mixneg__F9007,HetCD_mixneg,empty,0,3.5762786865234375e-07,0,True
HetCD_mixneg__F9041,HetCD_mixneg,empty,0,5.364418029785156e-07,0,True
HetCD_mixneg__F9060,HetCD_mixneg,empty,0,1.7881393432617188e-07,0,True
HetCD_mixneg__F9062,HetCD_mixneg,empty,0,0.0,0,True
HetCD_mixneg__F9101,HetCD_mixneg,empty,0,0.0,0,True
HetCD_mixneg__F912,HetCD_mixneg,empty,0,0.0,0,True
HetCD_mixneg__F9189,HetCD_mixneg,empty,0,0.0,0,True
HetCD_mixneg__F9241,HetCD_mixneg,empty,0,0.0,0,True
HetCD_mixneg__F9251,HetCD_mixneg,empty,0,0.0,0,True
HetCD_mixneg__F9263,HetCD_mixneg,empty,0,0.0,0,True
HetCD_mixneg__F9280,HetCD_mixneg,empty,0,4.5299530029296875e-06,0,True
HetCD_mixneg__F9316,HetCD_mixneg,empty,0,0.0,0,True
HetCD_mixneg__F9364,HetCD_mixneg,empty,0,1.1920928955078125e-07,0,True
HetCD_mixneg__F9368,HetCD_mixneg,empty,0,8.612871170043945e-05,0,True
HetCD_mixneg__F937,HetCD_mixneg,single,1,0.978515625,1,True
HetCD_mixneg__F9381,HetCD_mixneg,empty,0,0.0,0,True
HetCD_mixneg__F9385,HetCD_mixneg,empty,0,0.0,0,True
HetCD_mixneg__F9441,HetCD_mixneg,empty,0,0.0,0,True
HetCD_mixneg__F9445,HetCD_mixneg,empty,0,0.0,0,True
HetCD_mixneg__F9521,HetCD_mixneg,empty,0,4.172325134277344e-07,0,True
HetCD_mixneg__F9544,HetCD_mixneg,empty,0,0.0,0,True
HetCD_mixneg__F9560,HetCD_mixneg,empty,0,0.00017404556274414062,0,True
HetCD_mixneg__F9646,HetCD_mixneg,single,1,1.0,1,True
HetCD_mixneg__F9699,HetCD_mixneg,empty,0,0.0,0,True
HetCD_mixneg__F972,HetCD_mixneg,single,0,2.6881694793701172e-05,0,True
HetCD_mixneg__F9740,HetCD_mixneg,empty,0,0.0,0,True
HetCD_mixneg__F9813,HetCD_mixneg,empty,0,0.0,0,True
HetCD_mixneg__F9872,HetCD_mixneg,empty,0,5.960464477539063e-08,0,True
HetCD_mixneg__F9932,HetCD_mixneg,empty,0,0.0,0,True
HetCD_mixneg__F9940,HetCD_mixneg,empty,0,0.0,0,True
WTHFD_mixpos__F10000,WTHFD_mixpos,single,1,0.0010280609130859375,0,False
WTHFD_mixpos__F10011,WTHFD_mixpos,multi,1,1.0,1,True
WTHFD_mixpos__F10017,WTHFD_mixpos,single,1,0.99951171875,1,True
WTHFD_mixpos__F10090,WTHFD_mixpos,empty,0,1.6093254089355469e-06,0,True
WTHFD_mixpos__F10183,WTHFD_mixpos,empty,0,2.467632293701172e-05,0,True
WTHFD_mixpos__F10204,WTHFD_mixpos,empty,0,0.0,0,True
WTHFD_mixpos__F10225,WTHFD_mixpos,empty,0,2.980232238769531e-07,0,True
WTHFD_mixpos__F10264,WTHFD_mixpos,empty,0,1.9669532775878906e-06,0,True
WTHFD_mixpos__F10389,WTHFD_mixpos,single,1,1.0,1,True
WTHFD_mixpos__F1044,WTHFD_mixpos,empty,0,2.4437904357910156e-06,0,True
WTHFD_mixpos__F10455,WTHFD_mixpos,empty,0,0.0,0,True
WTHFD_mixpos__F10516,WTHFD_mixpos,empty,0,9.5367431640625e-07,0,True
WTHFD_mixpos__F10570,WTHFD_mixpos,empty,0,7.843971252441406e-05,0,True
WTHFD_mixpos__F10611,WTHFD_mixpos,empty,0,2.980232238769531e-07,0,True
WTHFD_mixpos__F10698,WTHFD_mixpos,empty,0,0.00010639429092407227,0,True
WTHFD_mixpos__F10747,WTHFD_mixpos,single,1,0.009521484375,0,False
WTHFD_mixpos__F10748,WTHFD_mixpos,single,1,0.003337860107421875,0,False
WTHFD_mixpos__F10769,WTHFD_mixpos,multi,1,0.95263671875,1,True
WTHFD_mixpos__F10813,WTHFD_mixpos,empty,0,1.7881393432617188e-07,0,True
WTHFD_mixpos__F10828,WTHFD_mixpos,empty,0,1.6093254089355469e-06,0,True
WTHFD_mixpos__F10844,WTHFD_mixpos,single,1,1.0,1,True
WTHFD_mixpos__F10880,WTHFD_mixpos,empty,0,5.960464477539063e-08,0,True
WTHFD_mixpos__F1093,WTHFD_mixpos,empty,0,0.0,0,True
WTHFD_mixpos__F10991,WTHFD_mixpos,empty,0,8.344650268554688e-07,0,True
WTHFD_mixpos__F11126,WTHFD_mixpos,empty,0,0.0,0,True
WTHFD_mixpos__F11192,WTHFD_mixpos,empty,0,3.814697265625e-06,0,True
WTHFD_mixpos__F11217,WTHFD_mixpos,empty,0,0.0006265640258789062,0,True
WTHFD_mixpos__F1123,WTHFD_mixpos,empty,0,1.1920928955078125e-07,0,True
WTHFD_mixpos__F11248,WTHFD_mixpos,empty,0,0.0,0,True
WTHFD_mixpos__F11260,WTHFD_mixpos,empty,0,0.0,0,True
WTHFD_mixpos__F11360,WTHFD_mixpos,single,0,0.0022258758544921875,0,True
WTHFD_mixpos__F11424,WTHFD_mixpos,single,1,1.0,1,True
WTHFD_mixpos__F11477,WTHFD_mixpos,empty,0,0.0,0,True
WTHFD_mixpos__F11489,WTHFD_mixpos,empty,0,0.0023593902587890625,0,True
WTHFD_mixpos__F11492,WTHFD_mixpos,empty,0,0.019989013671875,0,True
WTHFD_mixpos__F11496,WTHFD_mixpos,single,1,1.0,1,True
WTHFD_mixpos__F11567,WTHFD_mixpos,empty,0,0.0,0,True
WTHFD_mixpos__F11622,WTHFD_mixpos,empty,0,1.7285346984863281e-06,0,True
WTHFD_mixpos__F11662,WTHFD_mixpos,single,1,0.029876708984375,0,False
WTHFD_mixpos__F1189,WTHFD_mixpos,empty,0,2.682209014892578e-06,0,True
WTHFD_mixpos__F12108,WTHFD_mixpos,empty,0,5.960464477539063e-08,0,True
WTHFD_mixpos__F12273,WTHFD_mixpos,single,1,1.0,1,True
WTHFD_mixpos__F12284,WTHFD_mixpos,empty,0,3.5762786865234375e-07,0,True
WTHFD_mixpos__F12355,WTHFD_mixpos,empty,0,0.0,0,True
WTHFD_mixpos__F12365,WTHFD_mixpos,empty,0,4.172325134277344e-07,0,True
WTHFD_mixpos__F12370,WTHFD_mixpos,single,1,0.9990234375,1,True
WTHFD_mixpos__F1248,WTHFD_mixpos,empty,0,5.960464477539063e-08,0,True
WTHFD_mixpos__F12492,WTHFD_mixpos,empty,0,5.960464477539063e-08,0,True
WTHFD_mixpos__F12494,WTHFD_mixpos,empty,0,0.0,0,True
WTHFD_mixpos__F12519,WTHFD_mixpos,empty,0,1.4901161193847656e-06,0,True
WTHFD_mixpos__F12594,WTHFD_mixpos,empty,0,0.0,0,True
WTHFD_mixpos__F12644,WTHFD_mixpos,empty,0,1.1920928955078125e-07,0,True
WTHFD_mixpos__F12705,WTHFD_mixpos,empty,0,0.0,0,True
WTHFD_mixpos__F12712,WTHFD_mixpos,empty,0,0.0,0,True
WTHFD_mixpos__F1279,WTHFD_mixpos,empty,0,5.960464477539063e-08,0,True
WTHFD_mixpos__F1299,WTHFD_mixpos,empty,0,0.00013875961303710938,0,True
WTHFD_mixpos__F13085,WTHFD_mixpos,empty,0,2.384185791015625e-07,0,True
WTHFD_mixpos__F13182,WTHFD_mixpos,single,1,1.0,1,True
WTHFD_mixpos__F13275,WTHFD_mixpos,empty,0,5.960464477539063e-08,0,True
WTHFD_mixpos__F13283,WTHFD_mixpos,multi,1,1.0,1,True
WTHFD_mixpos__F13322,WTHFD_mixpos,empty,0,1.7881393432617188e-07,0,True
WTHFD_mixpos__F13329,WTHFD_mixpos,empty,0,0.0,0,True
WTHFD_mixpos__F13356,WTHFD_mixpos,empty,0,0.00022518634796142578,0,True
WTHFD_mixpos__F1338,WTHFD_mixpos,empty,0,0.0,0,True
WTHFD_mixpos__F13421,WTHFD_mixpos,single,1,0.74462890625,1,True
WTHFD_mixpos__F13458,WTHFD_mixpos,empty,0,0.0,0,True
WTHFD_mixpos__F13488,WTHFD_mixpos,empty,0,5.960464477539063e-08,0,True
WTHFD_mixpos__F13530,WTHFD_mixpos,empty,0,5.960464477539063e-08,0,True
WTHFD_mixpos__F13593,WTHFD_mixpos,empty,0,0.0,0,True
WTHFD_mixpos__F13600,WTHFD_mixpos,empty,0,2.980232238769531e-07,0,True
WTHFD_mixpos__F13702,WTHFD_mixpos,empty,0,0.0,0,True
WTHFD_mixpos__F13769,WTHFD_mixpos,empty,0,3.5762786865234375e-07,0,True
WTHFD_mixpos__F13812,WTHFD_mixpos,empty,0,0.0,0,True
WTHFD_mixpos__F13823,WTHFD_mixpos,empty,0,0.0,0,True
WTHFD_mixpos__F13955,WTHFD_mixpos,empty,0,5.02467155456543e-05,0,True
WTHFD_mixpos__F14024,WTHFD_mixpos,empty,0,1.1920928955078125e-07,0,True
WTHFD_mixpos__F14059,WTHFD_mixpos,empty,0,0.0,0,True
WTHFD_mixpos__F14101,WTHFD_mixpos,single,1,0.99609375,1,True
WTHFD_mixpos__F14182,WTHFD_mixpos,single,1,0.186279296875,0,False
WTHFD_mixpos__F14294,WTHFD_mixpos,empty,0,0.0,0,True
WTHFD_mixpos__F14308,WTHFD_mixpos,empty,0,0.0,0,True
WTHFD_mixpos__F14312,WTHFD_mixpos,empty,0,2.384185791015625e-07,0,True
WTHFD_mixpos__F14324,WTHFD_mixpos,empty,0,4.112720489501953e-06,0,True
WTHFD_mixpos__F14412,WTHFD_mixpos,empty,0,5.364418029785156e-07,0,True
WTHFD_mixpos__F14413,WTHFD_mixpos,empty,0,2.086162567138672e-06,0,True
WTHFD_mixpos__F14493,WTHFD_mixpos,single,1,1.0,1,True
WTHFD_mixpos__F14499,WTHFD_mixpos,empty,0,0.0,0,True
WTHFD_mixpos__F1457,WTHFD_mixpos,empty,0,0.0,0,True
WTHFD_mixpos__F14612,WTHFD_mixpos,single,1,1.0,1,True
WTHFD_mixpos__F14618,WTHFD_mixpos,empty,0,0.0,0,True
WTHFD_mixpos__F14648,WTHFD_mixpos,single,1,1.0,1,True
WTHFD_mixpos__F14763,WTHFD_mixpos,single,1,1.0,1,True
WTHFD_mixpos__F14765,WTHFD_mixpos,empty,0,0.0,0,True
WTHFD_mixpos__F14776,WTHFD_mixpos,empty,0,2.9206275939941406e-06,0,True
WTHFD_mixpos__F14879,WTHFD_mixpos,single,0,5.304813385009766e-06,0,True
WTHFD_mixpos__F14911,WTHFD_mixpos,empty,0,0.0,0,True
WTHFD_mixpos__F14920,WTHFD_mixpos,multi,1,1.0,1,True
WTHFD_mixpos__F14921,WTHFD_mixpos,multi,1,1.0,1,True
WTHFD_mixpos__F14945,WTHFD_mixpos,single,1,1.0,1,True
WTHFD_mixpos__F14984,WTHFD_mixpos,empty,0,0.0,0,True
WTHFD_mixpos__F15027,WTHFD_mixpos,empty,0,7.987022399902344e-06,0,True
WTHFD_mixpos__F15068,WTHFD_mixpos,multi,1,0.99951171875,1,True
WTHFD_mixpos__F15108,WTHFD_mixpos,empty,0,0.0,0,True
WTHFD_mixpos__F15171,WTHFD_mixpos,empty,0,0.03167724609375,0,True
WTHFD_mixpos__F15202,WTHFD_mixpos,multi,1,1.0,1,True
WTHFD_mixpos__F15269,WTHFD_mixpos,multi,1,0.99560546875,1,True
WTHFD_mixpos__F15345,WTHFD_mixpos,empty,0,7.545948028564453e-05,0,True
WTHFD_mixpos__F15365,WTHFD_mixpos,multi,1,1.0,1,True
WTHFD_mixpos__F15371,WTHFD_mixpos,single,1,1.0,1,True
WTHFD_mixpos__F15413,WTHFD_mixpos,empty,0,0.0,0,True
WTHFD_mixpos__F15492,WTHFD_mixpos,empty,0,7.748603820800781e-07,0,True
WTHFD_mixpos__F15500,WTHFD_mixpos,single,1,1.0,1,True
WTHFD_mixpos__F1556,WTHFD_mixpos,empty,0,0.0,0,True
WTHFD_mixpos__F15591,WTHFD_mixpos,single,1,0.99853515625,1,True
WTHFD_mixpos__F15724,WTHFD_mixpos,single,1,1.0,1,True
WTHFD_mixpos__F15790,WTHFD_mixpos,single,1,0.99267578125,1,True
WTHFD_mixpos__F15886,WTHFD_mixpos,single,1,1.0,1,True
WTHFD_mixpos__F16011,WTHFD_mixpos,multi,1,1.0,1,True
WTHFD_mixpos__F16089,WTHFD_mixpos,empty,0,0.0,0,True
WTHFD_mixpos__F16105,WTHFD_mixpos,multi,1,6.020069122314453e-06,0,False
WTHFD_mixpos__F1611,WTHFD_mixpos,empty,0,1.7881393432617188e-07,0,True
WTHFD_mixpos__F16115,WTHFD_mixpos,empty,0,5.960464477539063e-08,0,True
WTHFD_mixpos__F16145,WTHFD_mixpos,multi,1,0.99951171875,1,True
WTHFD_mixpos__F1617,WTHFD_mixpos,empty,0,0.00017404556274414062,0,True
WTHFD_mixpos__F16275,WTHFD_mixpos,empty,0,2.1755695343017578e-05,0,True
WTHFD_mixpos__F16299,WTHFD_mixpos,empty,0,2.0444393157958984e-05,0,True
WTHFD_mixpos__F16304,WTHFD_mixpos,multi,1,1.0,1,True
WTHFD_mixpos__F16326,WTHFD_mixpos,single,1,0.98876953125,1,True
WTHFD_mixpos__F16384,WTHFD_mixpos,empty,0,1.1920928955078125e-07,0,True
WTHFD_mixpos__F16537,WTHFD_mixpos,multi,1,1.0,1,True
WTHFD_mixpos__F16561,WTHFD_mixpos,multi,1,0.99951171875,1,True
WTHFD_mixpos__F16712,WTHFD_mixpos,single,1,1.0,1,True
WTHFD_mixpos__F16723,WTHFD_mixpos,empty,0,7.152557373046875e-07,0,True
WTHFD_mixpos__F16724,WTHFD_mixpos,single,1,0.97412109375,1,True
WTHFD_mixpos__F16812,WTHFD_mixpos,single,1,0.98876953125,1,True
WTHFD_mixpos__F1732,WTHFD_mixpos,multi,1,0.050140380859375,0,False
WTHFD_mixpos__F17330,WTHFD_mixpos,multi,1,0.99853515625,1,True
WTHFD_mixpos__F17476,WTHFD_mixpos,empty,0,0.0,0,True
WTHFD_mixpos__F17579,WTHFD_mixpos,single,1,1.0728836059570312e-05,0,False
WTHFD_mixpos__F17621,WTHFD_mixpos,empty,0,2.2649765014648438e-06,0,True
WTHFD_mixpos__F17868,WTHFD_mixpos,empty,0,5.960464477539063e-08,0,True
WTHFD_mixpos__F17904,WTHFD_mixpos,single,1,1.0,1,True
WTHFD_mixpos__F17951,WTHFD_mixpos,empty,0,4.1961669921875e-05,0,True
WTHFD_mixpos__F17967,WTHFD_mixpos,single,1,1.0,1,True
WTHFD_mixpos__F18054,WTHFD_mixpos,empty,0,2.4437904357910156e-06,0,True
WTHFD_mixpos__F18068,WTHFD_mixpos,multi,1,1.0,1,True
WTHFD_mixpos__F1816,WTHFD_mixpos,empty,0,0.0,0,True
WTHFD_mixpos__F18163,WTHFD_mixpos,multi,1,0.99951171875,1,True
WTHFD_mixpos__F18390,WTHFD_mixpos,empty,0,0.0,0,True
WTHFD_mixpos__F18400,WTHFD_mixpos,empty,0,0.0009074211120605469,0,True
WTHFD_mixpos__F18443,WTHFD_mixpos,empty,0,5.364418029785156e-07,0,True
WTHFD_mixpos__F18484,WTHFD_mixpos,empty,0,7.748603820800781e-07,0,True
WTHFD_mixpos__F18672,WTHFD_mixpos,empty,0,2.9206275939941406e-06,0,True
WTHFD_mixpos__F18676,WTHFD_mixpos,empty,0,5.739927291870117e-05,0,True
WTHFD_mixpos__F18787,WTHFD_mixpos,empty,0,0.044342041015625,0,True
WTHFD_mixpos__F18835,WTHFD_mixpos,empty,0,0.0,0,True
WTHFD_mixpos__F18925,WTHFD_mixpos,empty,0,0.0017414093017578125,0,True
WTHFD_mixpos__F19085,WTHFD_mixpos,empty,0,0.00861358642578125,0,True
WTHFD_mixpos__F19187,WTHFD_mixpos,empty,0,0.0,0,True
WTHFD_mixpos__F1922,WTHFD_mixpos,empty,0,7.152557373046875e-07,0,True
WTHFD_mixpos__F1924,WTHFD_mixpos,empty,0,5.960464477539063e-08,0,True
WTHFD_mixpos__F19259,WTHFD_mixpos,empty,0,0.0,0,True
WTHFD_mixpos__F19304,WTHFD_mixpos,empty,0,0.0,0,True
WTHFD_mixpos__F19432,WTHFD_mixpos,empty,0,5.960464477539063e-08,0,True
WTHFD_mixpos__F19575,WTHFD_mixpos,empty,0,0.0,0,True
WTHFD_mixpos__F19598,WTHFD_mixpos,empty,0,0.0,0,True
WTHFD_mixpos__F19609,WTHFD_mixpos,multi,1,0.9921875,1,True
WTHFD_mixpos__F19637,WTHFD_mixpos,empty,0,4.589557647705078e-06,0,True
WTHFD_mixpos__F19667,WTHFD_mixpos,single,1,1.0,1,True
WTHFD_mixpos__F197,WTHFD_mixpos,empty,0,0.90185546875,1,False
WTHFD_mixpos__F19827,WTHFD_mixpos,empty,0,1.430511474609375e-06,0,True
WTHFD_mixpos__F19866,WTHFD_mixpos,empty,0,1.1920928955078125e-07,0,True
WTHFD_mixpos__F19869,WTHFD_mixpos,single,1,0.99951171875,1,True
WTHFD_mixpos__F19873,WTHFD_mixpos,single,1,0.5322265625,1,True
WTHFD_mixpos__F19927,WTHFD_mixpos,single,1,0.84912109375,1,True
WTHFD_mixpos__F19935,WTHFD_mixpos,empty,0,2.384185791015625e-07,0,True
WTHFD_mixpos__F19973,WTHFD_mixpos,multi,1,0.99951171875,1,True
WTHFD_mixpos__F20071,WTHFD_mixpos,empty,0,6.556510925292969e-07,0,True
WTHFD_mixpos__F20073,WTHFD_mixpos,single,1,1.0,1,True
WTHFD_mixpos__F20138,WTHFD_mixpos,multi,1,0.0028896331787109375,0,False
WTHFD_mixpos__F20159,WTHFD_mixpos,single,1,1.0,1,True
WTHFD_mixpos__F20236,WTHFD_mixpos,single,1,0.998046875,1,True
WTHFD_mixpos__F20330,WTHFD_mixpos,single,1,0.9931640625,1,True
WTHFD_mixpos__F20335,WTHFD_mixpos,empty,0,1.6689300537109375e-06,0,True
WTHFD_mixpos__F2035,WTHFD_mixpos,empty,0,0.0,0,True
WTHFD_mixpos__F20364,WTHFD_mixpos,single,1,0.994140625,1,True
WTHFD_mixpos__F20392,WTHFD_mixpos,empty,0,3.635883331298828e-06,0,True
WTHFD_mixpos__F20420,WTHFD_mixpos,empty,0,5.960464477539063e-08,0,True
WTHFD_mixpos__F20566,WTHFD_mixpos,empty,0,0.0,0,True
WTHFD_mixpos__F20713,WTHFD_mixpos,empty,0,8.344650268554688e-07,0,True
WTHFD_mixpos__F20726,WTHFD_mixpos,empty,0,0.0,0,True
WTHFD_mixpos__F20819,WTHFD_mixpos,multi,1,0.95068359375,1,True
WTHFD_mixpos__F20886,WTHFD_mixpos,empty,0,0.0,0,True
WTHFD_mixpos__F20942,WTHFD_mixpos,empty,0,3.039836883544922e-06,0,True
WTHFD_mixpos__F20960,WTHFD_mixpos,multi,1,1.0,1,True
WTHFD_mixpos__F21035,WTHFD_mixpos,multi,1,1.0,1,True
WTHFD_mixpos__F211,WTHFD_mixpos,empty,0,1.1920928955078125e-07,0,True
WTHFD_mixpos__F2120,WTHFD_mixpos,single,1,1.0,1,True
WTHFD_mixpos__F21201,WTHFD_mixpos,single,1,0.66357421875,1,True
WTHFD_mixpos__F21354,WTHFD_mixpos,single,1,1.0,1,True
WTHFD_mixpos__F2154,WTHFD_mixpos,empty,0,0.0,0,True
WTHFD_mixpos__F21565,WTHFD_mixpos,empty,0,0.0,0,True
WTHFD_mixpos__F21615,WTHFD_mixpos,multi,1,1.0,1,True
WTHFD_mixpos__F21619,WTHFD_mixpos,single,1,0.97216796875,1,True
WTHFD_mixpos__F21681,WTHFD_mixpos,single,1,1.0,1,True
WTHFD_mixpos__F2169,WTHFD_mixpos,empty,0,0.0,0,True
WTHFD_mixpos__F21712,WTHFD_mixpos,single,1,1.0,1,True
WTHFD_mixpos__F21753,WTHFD_mixpos,empty,0,0.0,0,True
WTHFD_mixpos__F21756,WTHFD_mixpos,empty,0,3.5762786865234375e-07,0,True
WTHFD_mixpos__F21791,WTHFD_mixpos,empty,0,0.0014047622680664062,0,True
WTHFD_mixpos__F21804,WTHFD_mixpos,single,1,0.90478515625,1,True
WTHFD_mixpos__F21869,WTHFD_mixpos,empty,0,0.00036835670471191406,0,True
WTHFD_mixpos__F21873,WTHFD_mixpos,empty,0,6.079673767089844e-06,0,True
WTHFD_mixpos__F22005,WTHFD_mixpos,empty,0,1.6689300537109375e-06,0,True
WTHFD_mixpos__F22063,WTHFD_mixpos,single,1,0.0222015380859375,0,False
WTHFD_mixpos__F22115,WTHFD_mixpos,empty,0,0.348876953125,0,True
WTHFD_mixpos__F22131,WTHFD_mixpos,empty,0,0.0,0,True
WTHFD_mixpos__F22157,WTHFD_mixpos,single,1,1.0,1,True
WTHFD_mixpos__F22179,WTHFD_mixpos,empty,0,5.960464477539063e-08,0,True
WTHFD_mixpos__F22182,WTHFD_mixpos,empty,0,5.3882598876953125e-05,0,True
WTHFD_mixpos__F22248,WTHFD_mixpos,multi,1,0.9990234375,1,True
WTHFD_mixpos__F22268,WTHFD_mixpos,empty,0,0.00395965576171875,0,True
WTHFD_mixpos__F223,WTHFD_mixpos,empty,0,0.0,0,True
WTHFD_mixpos__F22337,WTHFD_mixpos,multi,1,0.849609375,1,True
WTHFD_mixpos__F22340,WTHFD_mixpos,single,1,1.0,1,True
WTHFD_mixpos__F22528,WTHFD_mixpos,multi,1,0.9970703125,1,True
WTHFD_mixpos__F22559,WTHFD_mixpos,multi,1,0.00047278404235839844,0,False
WTHFD_mixpos__F22569,WTHFD_mixpos,multi,1,1.0,1,True
WTHFD_mixpos__F22590,WTHFD_mixpos,empty,0,8.612871170043945e-05,0,True
WTHFD_mixpos__F22622,WTHFD_mixpos,single,1,1.0,1,True
WTHFD_mixpos__F2277,WTHFD_mixpos,empty,0,1.7881393432617188e-07,0,True
WTHFD_mixpos__F22778,WTHFD_mixpos,single,1,0.04681396484375,0,False
WTHFD_mixpos__F22840,WTHFD_mixpos,single,1,0.99853515625,1,True
WTHFD_mixpos__F22883,WTHFD_mixpos,multi,1,1.0,1,True
WTHFD_mixpos__F22896,WTHFD_mixpos,single,1,1.0,1,True
WTHFD_mixpos__F23085,WTHFD_mixpos,empty,0,0.0,0,True
WTHFD_mixpos__F23110,WTHFD_mixpos,empty,0,0.546875,1,False
WTHFD_mixpos__F23176,WTHFD_mixpos,empty,0,2.1278858184814453e-05,0,True
WTHFD_mixpos__F2321,WTHFD_mixpos,empty,0,1.1920928955078125e-07,0,True
WTHFD_mixpos__F23214,WTHFD_mixpos,multi,1,0.5595703125,1,True
WTHFD_mixpos__F23279,WTHFD_mixpos,multi,1,1.0,1,True
WTHFD_mixpos__F2332,WTHFD_mixpos,empty,0,5.960464477539062e-07,0,True
WTHFD_mixpos__F23330,WTHFD_mixpos,multi,1,0.8603515625,1,True
WTHFD_mixpos__F23369,WTHFD_mixpos,empty,0,3.5762786865234375e-07,0,True
WTHFD_mixpos__F23507,WTHFD_mixpos,empty,0,5.364418029785156e-06,0,True
WTHFD_mixpos__F23550,WTHFD_mixpos,empty,0,0.002471923828125,0,True
WTHFD_mixpos__F23833,WTHFD_mixpos,single,1,1.0,1,True
WTHFD_mixpos__F23862,WTHFD_mixpos,empty,0,5.960464477539062e-07,0,True
WTHFD_mixpos__F23866,WTHFD_mixpos,empty,0,3.4570693969726562e-06,0,True
WTHFD_mixpos__F24054,WTHFD_mixpos,multi,1,0.7060546875,1,True
WTHFD_mixpos__F24070,WTHFD_mixpos,empty,0,1.6033649444580078e-05,0,True
WTHFD_mixpos__F24144,WTHFD_mixpos,multi,1,0.22509765625,0,False
WTHFD_mixpos__F24167,WTHFD_mixpos,empty,0,2.384185791015625e-07,0,True
WTHFD_mixpos__F24181,WTHFD_mixpos,single,1,1.0,1,True
WTHFD_mixpos__F24308,WTHFD_mixpos,empty,0,0.0,0,True
WTHFD_mixpos__F24416,WTHFD_mixpos,empty,0,0.0,0,True
WTHFD_mixpos__F24532,WTHFD_mixpos,single,1,0.99951171875,1,True
WTHFD_mixpos__F24548,WTHFD_mixpos,single,1,1.0,1,True
WTHFD_mixpos__F24577,WTHFD_mixpos,multi,1,1.0,1,True
WTHFD_mixpos__F24578,WTHFD_mixpos,single,1,0.99462890625,1,True
WTHFD_mixpos__F24652,WTHFD_mixpos,empty,0,0.349365234375,0,True
WTHFD_mixpos__F24787,WTHFD_mixpos,empty,0,5.960464477539063e-08,0,True
WTHFD_mixpos__F24897,WTHFD_mixpos,multi,1,1.0,1,True
WTHFD_mixpos__F25016,WTHFD_mixpos,empty,0,0.0,0,True
WTHFD_mixpos__F25105,WTHFD_mixpos,single,1,0.970703125,1,True
WTHFD_mixpos__F25115,WTHFD_mixpos,empty,0,0.0,0,True
WTHFD_mixpos__F25120,WTHFD_mixpos,single,1,0.99951171875,1,True
WTHFD_mixpos__F25134,WTHFD_mixpos,empty,0,5.960464477539063e-08,0,True
WTHFD_mixpos__F25396,WTHFD_mixpos,multi,1,0.994140625,1,True
WTHFD_mixpos__F25417,WTHFD_mixpos,multi,1,1.0,1,True
WTHFD_mixpos__F25535,WTHFD_mixpos,empty,0,0.00010639429092407227,0,True
WTHFD_mixpos__F25578,WTHFD_mixpos,empty,0,0.0,0,True
WTHFD_mixpos__F25631,WTHFD_mixpos,single,1,1.0,1,True
WTHFD_mixpos__F25639,WTHFD_mixpos,empty,0,3.337860107421875e-06,0,True
WTHFD_mixpos__F25787,WTHFD_mixpos,empty,0,6.556510925292969e-06,0,True
WTHFD_mixpos__F25825,WTHFD_mixpos,empty,0,0.0,0,True
WTHFD_mixpos__F25848,WTHFD_mixpos,empty,0,3.7550926208496094e-06,0,True
WTHFD_mixpos__F25867,WTHFD_mixpos,single,1,1.0,1,True
WTHFD_mixpos__F25885,WTHFD_mixpos,single,1,1.0,1,True
WTHFD_mixpos__F25923,WTHFD_mixpos,multi,1,0.97509765625,1,True
WTHFD_mixpos__F25933,WTHFD_mixpos,single,1,0.966796875,1,True
WTHFD_mixpos__F25942,WTHFD_mixpos,empty,0,5.960464477539063e-08,0,True
WTHFD_mixpos__F25989,WTHFD_mixpos,empty,0,1.7285346984863281e-06,0,True
WTHFD_mixpos__F26013,WTHFD_mixpos,empty,0,0.0,0,True
WTHFD_mixpos__F26054,WTHFD_mixpos,empty,0,1.1146068572998047e-05,0,True
WTHFD_mixpos__F26131,WTHFD_mixpos,empty,0,4.470348358154297e-05,0,True
WTHFD_mixpos__F2617,WTHFD_mixpos,empty,0,4.172325134277344e-07,0,True
WTHFD_mixpos__F26170,WTHFD_mixpos,multi,1,0.99951171875,1,True
WTHFD_mixpos__F26208,WTHFD_mixpos,multi,1,0.0460205078125,0,False
WTHFD_mixpos__F26249,WTHFD_mixpos,empty,0,0.0,0,True
WTHFD_mixpos__F26270,WTHFD_mixpos,empty,0,1.1324882507324219e-06,0,True
WTHFD_mixpos__F26375,WTHFD_mixpos,multi,1,0.0006771087646484375,0,False
WTHFD_mixpos__F2639,WTHFD_mixpos,empty,0,0.025421142578125,0,True
WTHFD_mixpos__F26402,WTHFD_mixpos,multi,1,0.0068511962890625,0,False
WTHFD_mixpos__F26407,WTHFD_mixpos,single,1,1.0,1,True
WTHFD_mixpos__F26522,WTHFD_mixpos,single,1,1.0,1,True
WTHFD_mixpos__F26654,WTHFD_mixpos,single,1,1.0,1,True
WTHFD_mixpos__F267,WTHFD_mixpos,empty,0,0.0,0,True
WTHFD_mixpos__F26705,WTHFD_mixpos,empty,0,0.0010166168212890625,0,True
WTHFD_mixpos__F26732,WTHFD_mixpos,empty,0,6.9141387939453125e-06,0,True
WTHFD_mixpos__F26764,WTHFD_mixpos,empty,0,0.0,0,True
WTHFD_mixpos__F26834,WTHFD_mixpos,single,1,1.0,1,True
WTHFD_mixpos__F26895,WTHFD_mixpos,single,1,1.0,1,True
WTHFD_mixpos__F26914,WTHFD_mixpos,multi,1,1.0,1,True
WTHFD_mixpos__F26916,WTHFD_mixpos,multi,1,0.99951171875,1,True
WTHFD_mixpos__F26945,WTHFD_mixpos,empty,0,4.470348358154297e-06,0,True
WTHFD_mixpos__F27094,WTHFD_mixpos,empty,0,0.0,0,True
WTHFD_mixpos__F27096,WTHFD_mixpos,single,1,1.0,1,True
WTHFD_mixpos__F2711,WTHFD_mixpos,empty,0,2.980232238769531e-07,0,True
WTHFD_mixpos__F27201,WTHFD_mixpos,empty,0,0.9912109375,1,False
WTHFD_mixpos__F27207,WTHFD_mixpos,single,1,1.0,1,True
WTHFD_mixpos__F27301,WTHFD_mixpos,single,1,1.0,1,True
WTHFD_mixpos__F27362,WTHFD_mixpos,multi,1,0.99169921875,1,True
WTHFD_mixpos__F27474,WTHFD_mixpos,empty,0,4.9114227294921875e-05,0,True
WTHFD_mixpos__F27483,WTHFD_mixpos,single,1,0.99658203125,1,True
WTHFD_mixpos__F27493,WTHFD_mixpos,empty,0,1.1920928955078125e-07,0,True
WTHFD_mixpos__F27574,WTHFD_mixpos,multi,0,1.0728836059570312e-06,0,True
WTHFD_mixpos__F27611,WTHFD_mixpos,empty,0,0.0,0,True
WTHFD_mixpos__F27619,WTHFD_mixpos,multi,1,0.97607421875,1,True
WTHFD_mixpos__F27883,WTHFD_mixpos,empty,0,4.172325134277344e-07,0,True
WTHFD_mixpos__F27963,WTHFD_mixpos,multi,1,0.00867462158203125,0,False
WTHFD_mixpos__F2799,WTHFD_mixpos,empty,0,2.1755695343017578e-05,0,True
WTHFD_mixpos__F27996,WTHFD_mixpos,empty,0,8.684396743774414e-05,0,True
WTHFD_mixpos__F28027,WTHFD_mixpos,empty,0,0.01554107666015625,0,True
WTHFD_mixpos__F28079,WTHFD_mixpos,single,1,0.047943115234375,0,False
WTHFD_mixpos__F28093,WTHFD_mixpos,multi,1,1.0,1,True
WTHFD_mixpos__F28140,WTHFD_mixpos,empty,0,0.0,0,True
WTHFD_mixpos__F28175,WTHFD_mixpos,single,1,0.97509765625,1,True
WTHFD_mixpos__F28228,WTHFD_mixpos,single,1,1.0,1,True
WTHFD_mixpos__F28295,WTHFD_mixpos,empty,0,5.364418029785156e-07,0,True
WTHFD_mixpos__F28317,WTHFD_mixpos,single,1,1.0,1,True
WTHFD_mixpos__F28386,WTHFD_mixpos,single,1,0.99951171875,1,True
WTHFD_mixpos__F28458,WTHFD_mixpos,empty,0,0.0,0,True
WTHFD_mixpos__F28460,WTHFD_mixpos,empty,0,0.004085540771484375,0,True
WTHFD_mixpos__F28489,WTHFD_mixpos,empty,0,1.1920928955078125e-07,0,True
WTHFD_mixpos__F28557,WTHFD_mixpos,empty,0,6.556510925292969e-07,0,True
WTHFD_mixpos__F28689,WTHFD_mixpos,empty,0,0.0,0,True
WTHFD_mixpos__F2877,WTHFD_mixpos,empty,0,0.0,0,True
WTHFD_mixpos__F28830,WTHFD_mixpos,single,1,1.0,1,True
WTHFD_mixpos__F28925,WTHFD_mixpos,single,1,1.0,1,True
WTHFD_mixpos__F29052,WTHFD_mixpos,single,1,0.99853515625,1,True
WTHFD_mixpos__F29226,WTHFD_mixpos,empty,0,0.87060546875,1,False
WTHFD_mixpos__F29281,WTHFD_mixpos,multi,1,0.99853515625,1,True
WTHFD_mixpos__F29338,WTHFD_mixpos,single,0,4.172325134277344e-07,0,True
WTHFD_mixpos__F29346,WTHFD_mixpos,empty,0,3.874301910400391e-06,0,True
WTHFD_mixpos__F29421,WTHFD_mixpos,multi,1,1.5795230865478516e-05,0,False
WTHFD_mixpos__F29464,WTHFD_mixpos,single,1,1.0,1,True
WTHFD_mixpos__F29485,WTHFD_mixpos,multi,1,0.09552001953125,0,False
WTHFD_mixpos__F29538,WTHFD_mixpos,single,1,0.9970703125,1,True
WTHFD_mixpos__F2959,WTHFD_mixpos,empty,0,0.0,0,True
WTHFD_mixpos__F29778,WTHFD_mixpos,single,0,3.7610530853271484e-05,0,True
WTHFD_mixpos__F29799,WTHFD_mixpos,empty,0,0.0019044876098632812,0,True
WTHFD_mixpos__F2981,WTHFD_mixpos,empty,0,1.1920928955078125e-07,0,True
WTHFD_mixpos__F29873,WTHFD_mixpos,single,1,1.0,1,True
WTHFD_mixpos__F29892,WTHFD_mixpos,single,1,0.9951171875,1,True
WTHFD_mixpos__F30000,WTHFD_mixpos,empty,0,0.00864410400390625,0,True
WTHFD_mixpos__F3001,WTHFD_mixpos,empty,0,0.95068359375,1,False
WTHFD_mixpos__F30058,WTHFD_mixpos,single,1,1.0,1,True
WTHFD_mixpos__F30128,WTHFD_mixpos,single,1,1.0,1,True
WTHFD_mixpos__F30224,WTHFD_mixpos,single,1,0.99951171875,1,True
WTHFD_mixpos__F30287,WTHFD_mixpos,single,1,0.99951171875,1,True
WTHFD_mixpos__F3054,WTHFD_mixpos,empty,0,5.960464477539063e-08,0,True
WTHFD_mixpos__F30556,WTHFD_mixpos,multi,1,0.001155853271484375,0,False
WTHFD_mixpos__F3059,WTHFD_mixpos,empty,0,5.960464477539063e-08,0,True
WTHFD_mixpos__F30700,WTHFD_mixpos,multi,1,1.0,1,True
WTHFD_mixpos__F30790,WTHFD_mixpos,empty,0,0.0,0,True
WTHFD_mixpos__F30810,WTHFD_mixpos,multi,1,0.99951171875,1,True
WTHFD_mixpos__F30829,WTHFD_mixpos,multi,1,0.99853515625,1,True
WTHFD_mixpos__F30900,WTHFD_mixpos,single,1,0.96240234375,1,True
WTHFD_mixpos__F31035,WTHFD_mixpos,empty,0,3.5762786865234375e-07,0,True
WTHFD_mixpos__F31056,WTHFD_mixpos,single,1,1.0,1,True
WTHFD_mixpos__F31229,WTHFD_mixpos,multi,1,0.9990234375,1,True
WTHFD_mixpos__F3126,WTHFD_mixpos,empty,0,0.0,0,True
WTHFD_mixpos__F31282,WTHFD_mixpos,empty,0,3.5762786865234375e-07,0,True
WTHFD_mixpos__F31377,WTHFD_mixpos,single,1,1.0,1,True
WTHFD_mixpos__F31381,WTHFD_mixpos,single,1,0.8701171875,1,True
WTHFD_mixpos__F31395,WTHFD_mixpos,single,1,0.4423828125,0,False
WTHFD_mixpos__F31409,WTHFD_mixpos,empty,0,4.172325134277344e-07,0,True
WTHFD_mixpos__F31449,WTHFD_mixpos,empty,0,0.0,0,True
WTHFD_mixpos__F31487,WTHFD_mixpos,empty,0,0.0002694129943847656,0,True
WTHFD_mixpos__F31511,WTHFD_mixpos,single,1,1.0,1,True
WTHFD_mixpos__F31532,WTHFD_mixpos,empty,0,2.3186206817626953e-05,0,True
WTHFD_mixpos__F31577,WTHFD_mixpos,single,1,1.0,1,True
WTHFD_mixpos__F31662,WTHFD_mixpos,empty,0,0.0,0,True
WTHFD_mixpos__F31924,WTHFD_mixpos,single,1,0.00313568115234375,0,False
WTHFD_mixpos__F3231,WTHFD_mixpos,empty,0,0.0,0,True
WTHFD_mixpos__F3299,WTHFD_mixpos,empty,0,0.0,0,True
WTHFD_mixpos__F3319,WTHFD_mixpos,empty,0,5.960464477539062e-07,0,True
WTHFD_mixpos__F3350,WTHFD_mixpos,empty,0,0.0,0,True
WTHFD_mixpos__F3383,WTHFD_mixpos,empty,0,5.8770179748535156e-05,0,True
WTHFD_mixpos__F3595,WTHFD_mixpos,empty,0,0.0,0,True
WTHFD_mixpos__F3695,WTHFD_mixpos,empty,0,0.02001953125,0,True
WTHFD_mixpos__F3736,WTHFD_mixpos,empty,0,1.1920928955078125e-07,0,True
WTHFD_mixpos__F3814,WTHFD_mixpos,empty,0,2.0802021026611328e-05,0,True
WTHFD_mixpos__F3821,WTHFD_mixpos,empty,0,0.0,0,True
WTHFD_mixpos__F3835,WTHFD_mixpos,empty,0,2.980232238769531e-07,0,True
WTHFD_mixpos__F3922,WTHFD_mixpos,empty,0,0.0,0,True
WTHFD_mixpos__F4081,WTHFD_mixpos,empty,0,5.960464477539063e-08,0,True
WTHFD_mixpos__F409,WTHFD_mixpos,empty,0,0.0,0,True
WTHFD_mixpos__F4171,WTHFD_mixpos,single,1,1.0,1,True
WTHFD_mixpos__F4221,WTHFD_mixpos,empty,0,0.0,0,True
WTHFD_mixpos__F4281,WTHFD_mixpos,empty,0,0.0,0,True
WTHFD_mixpos__F4348,WTHFD_mixpos,empty,0,0.0,0,True
WTHFD_mixpos__F4385,WTHFD_mixpos,empty,0,0.0,0,True
WTHFD_mixpos__F4425,WTHFD_mixpos,empty,0,0.0,0,True
WTHFD_mixpos__F4449,WTHFD_mixpos,empty,0,0.0,0,True
WTHFD_mixpos__F4529,WTHFD_mixpos,empty,0,0.9873046875,1,False
WTHFD_mixpos__F4689,WTHFD_mixpos,empty,0,5.960464477539063e-08,0,True
WTHFD_mixpos__F4752,WTHFD_mixpos,single,0,0.00031757354736328125,0,True
WTHFD_mixpos__F4845,WTHFD_mixpos,empty,0,1.1920928955078125e-07,0,True
WTHFD_mixpos__F4895,WTHFD_mixpos,empty,0,1.1324882507324219e-06,0,True
WTHFD_mixpos__F4914,WTHFD_mixpos,empty,0,0.0004582405090332031,0,True
WTHFD_mixpos__F4933,WTHFD_mixpos,single,1,0.99951171875,1,True
WTHFD_mixpos__F4983,WTHFD_mixpos,empty,0,4.172325134277344e-07,0,True
WTHFD_mixpos__F500,WTHFD_mixpos,empty,0,0.0,0,True
WTHFD_mixpos__F5184,WTHFD_mixpos,empty,0,4.297494888305664e-05,0,True
WTHFD_mixpos__F5219,WTHFD_mixpos,empty,0,0.0,0,True
WTHFD_mixpos__F5346,WTHFD_mixpos,empty,0,0.0,0,True
WTHFD_mixpos__F5378,WTHFD_mixpos,single,1,0.0970458984375,0,False
WTHFD_mixpos__F5384,WTHFD_mixpos,empty,0,0.0,0,True
WTHFD_mixpos__F5462,WTHFD_mixpos,empty,0,2.384185791015625e-07,0,True
WTHFD_mixpos__F5468,WTHFD_mixpos,empty,0,5.364418029785156e-07,0,True
WTHFD_mixpos__F5486,WTHFD_mixpos,empty,0,0.0,0,True
WTHFD_mixpos__F5698,WTHFD_mixpos,single,1,1.0,1,True
WTHFD_mixpos__F5755,WTHFD_mixpos,empty,0,0.0,0,True
WTHFD_mixpos__F5781,WTHFD_mixpos,empty,0,0.0,0,True
WTHFD_mixpos__F5837,WTHFD_mixpos,empty,0,1.4603137969970703e-05,0,True
WTHFD_mixpos__F5842,WTHFD_mixpos,empty,0,5.960464477539063e-08,0,True
WTHFD_mixpos__F5895,WTHFD_mixpos,empty,0,4.76837158203125e-07,0,True
WTHFD_mixpos__F6088,WTHFD_mixpos,empty,0,1.2516975402832031e-06,0,True
WTHFD_mixpos__F6149,WTHFD_mixpos,empty,0,0.0,0,True
WTHFD_mixpos__F6170,WTHFD_mixpos,empty,0,0.0,0,True
WTHFD_mixpos__F6207,WTHFD_mixpos,empty,0,0.0,0,True
WTHFD_mixpos__F6215,WTHFD_mixpos,single,0,0.00015842914581298828,0,True
WTHFD_mixpos__F6320,WTHFD_mixpos,empty,0,0.0,0,True
WTHFD_mixpos__F6333,WTHFD_mixpos,empty,0,1.9669532775878906e-06,0,True
WTHFD_mixpos__F6456,WTHFD_mixpos,empty,0,0.0,0,True
WTHFD_mixpos__F6481,WTHFD_mixpos,empty,0,0.0,0,True
WTHFD_mixpos__F6506,WTHFD_mixpos,empty,0,1.1920928955078125e-07,0,True
WTHFD_mixpos__F6552,WTHFD_mixpos,single,1,0.2330322265625,0,False
WTHFD_mixpos__F6632,WTHFD_mixpos,single,1,0.99951171875,1,True
WTHFD_mixpos__F6651,WTHFD_mixpos,empty,0,5.960464477539063e-08,0,True
WTHFD_mixpos__F6868,WTHFD_mixpos,empty,0,5.960464477539063e-08,0,True
WTHFD_mixpos__F6887,WTHFD_mixpos,empty,0,5.960464477539063e-08,0,True
WTHFD_mixpos__F6945,WTHFD_mixpos,empty,0,1.7881393432617188e-07,0,True
WTHFD_mixpos__F7081,WTHFD_mixpos,empty,0,2.4437904357910156e-06,0,True
WTHFD_mixpos__F7118,WTHFD_mixpos,empty,0,5.960464477539063e-08,0,True
WTHFD_mixpos__F7162,WTHFD_mixpos,empty,0,1.1920928955078125e-07,0,True
WTHFD_mixpos__F7222,WTHFD_mixpos,empty,0,0.00154876708984375,0,True
WTHFD_mixpos__F7268,WTHFD_mixpos,single,1,1.0,1,True
WTHFD_mixpos__F734,WTHFD_mixpos,empty,0,0.0,0,True
WTHFD_mixpos__F7376,WTHFD_mixpos,empty,0,0.0,0,True
WTHFD_mixpos__F7389,WTHFD_mixpos,single,0,6.014108657836914e-05,0,True
WTHFD_mixpos__F7428,WTHFD_mixpos,multi,1,0.9970703125,1,True
WTHFD_mixpos__F7446,WTHFD_mixpos,empty,0,0.0,0,True
WTHFD_mixpos__F7723,WTHFD_mixpos,single,1,0.998046875,1,True
WTHFD_mixpos__F7892,WTHFD_mixpos,empty,0,5.960464477539063e-08,0,True
WTHFD_mixpos__F7982,WTHFD_mixpos,empty,0,0.0,0,True
WTHFD_mixpos__F8048,WTHFD_mixpos,empty,0,2.980232238769531e-07,0,True
WTHFD_mixpos__F8058,WTHFD_mixpos,empty,0,4.76837158203125e-07,0,True
WTHFD_mixpos__F8136,WTHFD_mixpos,empty,0,0.0,0,True
WTHFD_mixpos__F8171,WTHFD_mixpos,empty,0,0.0,0,True
WTHFD_mixpos__F822,WTHFD_mixpos,empty,0,0.00524139404296875,0,True
WTHFD_mixpos__F8243,WTHFD_mixpos,empty,0,0.0,0,True
WTHFD_mixpos__F8249,WTHFD_mixpos,empty,0,0.0006747245788574219,0,True
WTHFD_mixpos__F8305,WTHFD_mixpos,empty,0,0.0,0,True
WTHFD_mixpos__F8325,WTHFD_mixpos,empty,0,0.0,0,True
WTHFD_mixpos__F8562,WTHFD_mixpos,empty,0,2.980232238769531e-07,0,True
WTHFD_mixpos__F8675,WTHFD_mixpos,single,1,0.99951171875,1,True
WTHFD_mixpos__F8687,WTHFD_mixpos,empty,0,0.0,0,True
WTHFD_mixpos__F8874,WTHFD_mixpos,single,1,0.0024051666259765625,0,False
WTHFD_mixpos__F891,WTHFD_mixpos,empty,0,0.0,0,True
WTHFD_mixpos__F8933,WTHFD_mixpos,empty,0,0.0,0,True
WTHFD_mixpos__F9045,WTHFD_mixpos,empty,0,6.556510925292969e-07,0,True
WTHFD_mixpos__F9094,WTHFD_mixpos,empty,0,0.0,0,True
WTHFD_mixpos__F929,WTHFD_mixpos,empty,0,0.0,0,True
WTHFD_mixpos__F9296,WTHFD_mixpos,empty,0,0.0,0,True
WTHFD_mixpos__F9304,WTHFD_mixpos,empty,0,0.0,0,True
WTHFD_mixpos__F9354,WTHFD_mixpos,empty,0,1.233816146850586e-05,0,True
WTHFD_mixpos__F9364,WTHFD_mixpos,single,1,0.93798828125,1,True
WTHFD_mixpos__F9398,WTHFD_mixpos,empty,0,2.384185791015625e-07,0,True
WTHFD_mixpos__F9490,WTHFD_mixpos,single,1,1.0,1,True
WTHFD_mixpos__F9540,WTHFD_mixpos,empty,0,0.0,0,True
WTHFD_mixpos__F97,WTHFD_mixpos,empty,0,0.0,0,True
WTHFD_mixpos__F9737,WTHFD_mixpos,empty,0,1.4901161193847656e-06,0,True
WTHFD_mixpos__F9832,WTHFD_mixpos,empty,0,0.0,0,True
WTHFD_mixpos__F9927,WTHFD_mixpos,empty,0,0.0,0,True
WTHFD_mixpos__F9990,WTHFD_mixpos,single,1,0.9931640625,1,True
