sample_id,source_file,true_peak_count_class,true_positive,false_positive,false_negative,target_count,prediction_count,exact_count,count_absolute_error,mean_matched_iou
HetCD_mixneg__F10000,HetCD_mixneg,single,1,0,0,1,1,True,0,0.9150823950767517
HetCD_mixneg__F10022,HetCD_mixneg,empty,0,0,0,0,0,True,0,0.0
HetCD_mixneg__F10138,HetCD_mixneg,single,1,0,0,1,1,True,0,0.6378134489059448
HetCD_mixneg__F10185,HetCD_mixneg,single,1,0,0,1,1,True,0,0.9643652439117432
HetCD_mixneg__F10200,HetCD_mixneg,empty,0,0,0,0,0,True,0,0.0
HetCD_mixneg__F10372,HetCD_mixneg,empty,0,0,0,0,0,True,0,0.0
HetCD_mixneg__F10385,HetCD_mixneg,empty,0,0,0,0,0,True,0,0.0
HetCD_mixneg__F10435,HetCD_mixneg,empty,0,0,0,0,0,True,0,0.0
HetCD_mixneg__F10462,HetCD_mixneg,multi,2,0,0,2,2,True,0,0.946368545293808
HetCD_mixneg__F1053,HetCD_mixneg,empty,0,0,0,0,0,True,0,0.0
HetCD_mixneg__F1057,HetCD_mixneg,empty,0,0,0,0,0,True,0,0.0
HetCD_mixneg__F10575,HetCD_mixneg,single,1,0,0,1,1,True,0,0.8523762226104736
HetCD_mixneg__F10600,HetCD_mixneg,multi,2,0,0,2,2,True,0,0.8679325878620148
HetCD_mixneg__F10601,HetCD_mixneg,multi,2,0,0,2,2,True,0,0.9111335873603821
HetCD_mixneg__F1064,HetCD_mixneg,empty,0,0,0,0,0,True,0,0.0
HetCD_mixneg__F10735,HetCD_mixneg,empty,0,0,0,0,0,True,0,0.0
HetCD_mixneg__F10747,HetCD_mixneg,empty,0,0,0,0,0,True,0,0.0
HetCD_mixneg__F1078,HetCD_mixneg,empty,0,0,0,0,0,True,0,0.0
HetCD_mixneg__F10797,HetCD_mixneg,empty,0,0,0,0,0,True,0,0.0
HetCD_mixneg__F10853,HetCD_mixneg,empty,0,0,0,0,0,True,0,0.0
HetCD_mixneg__F10873,HetCD_mixneg,single,1,0,0,1,1,True,0,0.895859956741333
HetCD_mixneg__F10903,HetCD_mixneg,empty,0,0,0,0,0,True,0,0.0
HetCD_mixneg__F1093,HetCD_mixneg,single,1,0,0,1,1,True,0,0.9743523001670837
HetCD_mixneg__F10937,HetCD_mixneg,empty,0,0,0,0,0,True,0,0.0
HetCD_mixneg__F10946,HetCD_mixneg,multi,2,0,0,2,2,True,0,0.9166915714740753
HetCD_mixneg__F1098,HetCD_mixneg,empty,0,0,0,0,0,True,0,0.0
HetCD_mixneg__F11001,HetCD_mixneg,single,1,0,0,1,1,True,0,0.8020773530006409
HetCD_mixneg__F11052,HetCD_mixneg,empty,0,0,0,0,0,True,0,0.0
HetCD_mixneg__F11091,HetCD_mixneg,multi,0,2,2,2,2,True,0,0.0
HetCD_mixneg__F11118,HetCD_mixneg,multi,1,0,1,2,1,False,1,0.8776015639305115
HetCD_mixneg__F11128,HetCD_mixneg,empty,0,0,0,0,0,True,0,0.0
HetCD_mixneg__F1115,HetCD_mixneg,empty,0,0,0,0,0,True,0,0.0
HetCD_mixneg__F11151,HetCD_mixneg,empty,0,0,0,0,0,True,0,0.0
HetCD_mixneg__F11265,HetCD_mixneg,single,1,0,0,1,1,True,0,0.8525130152702332
HetCD_mixneg__F11321,HetCD_mixneg,multi,0,2,2,2,2,True,0,0.0
HetCD_mixneg__F11347,HetCD_mixneg,empty,0,0,0,0,0,True,0,0.0
HetCD_mixneg__F11377,HetCD_mixneg,empty,0,0,0,0,0,True,0,0.0
HetCD_mixneg__F11386,HetCD_mixneg,single,1,0,0,1,1,True,0,0.9250653982162476
HetCD_mixneg__F11421,HetCD_mixneg,empty,0,0,0,0,0,True,0,0.0
HetCD_mixneg__F11468,HetCD_mixneg,empty,0,1,0,0,1,False,1,0.0
HetCD_mixneg__F11488,HetCD_mixneg,empty,0,1,0,0,1,False,1,0.0
HetCD_mixneg__F11500,HetCD_mixneg,single,1,0,0,1,1,True,0,0.9412066340446472
HetCD_mixneg__F11582,HetCD_mixneg,single,0,1,1,1,1,True,0,0.0
HetCD_mixneg__F11644,HetCD_mixneg,single,1,1,0,1,2,False,1,0.8364197015762329
HetCD_mixneg__F11713,HetCD_mixneg,single,1,0,0,1,1,True,0,0.9464336037635803
HetCD_mixneg__F11720,HetCD_mixneg,empty,0,0,0,0,0,True,0,0.0
HetCD_mixneg__F11828,HetCD_mixneg,empty,0,0,0,0,0,True,0,0.0
HetCD_mixneg__F11863,HetCD_mixneg,multi,2,0,1,3,2,False,1,0.9068185687065125
HetCD_mixneg__F11887,HetCD_mixneg,empty,0,0,0,0,0,True,0,0.0
HetCD_mixneg__F11938,HetCD_mixneg,multi,1,0,1,2,1,False,1,0.9492924809455872
HetCD_mixneg__F12013,HetCD_mixneg,single,1,0,0,1,1,True,0,0.8566832542419434
HetCD_mixneg__F12064,HetCD_mixneg,empty,0,0,0,0,0,True,0,0.0
HetCD_mixneg__F12070,HetCD_mixneg,empty,0,0,0,0,0,True,0,0.0
HetCD_mixneg__F12091,HetCD_mixneg,multi,2,0,0,2,2,True,0,0.9133676588535309
HetCD_mixneg__F12118,HetCD_mixneg,multi,1,0,1,2,1,False,1,0.6220076680183411
HetCD_mixneg__F12124,HetCD_mixneg,empty,0,0,0,0,0,True,0,0.0
HetCD_mixneg__F12135,HetCD_mixneg,empty,0,0,0,0,0,True,0,0.0
HetCD_mixneg__F1216,HetCD_mixneg,empty,0,0,0,0,0,True,0,0.0
HetCD_mixneg__F12163,HetCD_mixneg,empty,0,0,0,0,0,True,0,0.0
HetCD_mixneg__F12168,HetCD_mixneg,empty,0,0,0,0,0,True,0,0.0
HetCD_mixneg__F12234,HetCD_mixneg,empty,0,0,0,0,0,True,0,0.0
HetCD_mixneg__F12278,HetCD_mixneg,empty,0,0,0,0,0,True,0,0.0
HetCD_mixneg__F12315,HetCD_mixneg,empty,0,0,0,0,0,True,0,0.0
HetCD_mixneg__F12321,HetCD_mixneg,empty,0,0,0,0,0,True,0,0.0
HetCD_mixneg__F12417,HetCD_mixneg,empty,0,0,0,0,0,True,0,0.0
HetCD_mixneg__F1244,HetCD_mixneg,empty,0,0,0,0,0,True,0,0.0
HetCD_mixneg__F12482,HetCD_mixneg,empty,0,0,0,0,0,True,0,0.0
HetCD_mixneg__F12557,HetCD_mixneg,empty,0,0,0,0,0,True,0,0.0
HetCD_mixneg__F12605,HetCD_mixneg,single,1,0,0,1,1,True,0,0.9745087623596191
HetCD_mixneg__F12624,HetCD_mixneg,multi,3,1,0,3,4,False,1,0.7729899088541666
HetCD_mixneg__F12629,HetCD_mixneg,empty,0,0,0,0,0,True,0,0.0
HetCD_mixneg__F12668,HetCD_mixneg,empty,0,0,0,0,0,True,0,0.0
HetCD_mixneg__F1273,HetCD_mixneg,empty,0,0,0,0,0,True,0,0.0
HetCD_mixneg__F12748,HetCD_mixneg,empty,0,0,0,0,0,True,0,0.0
HetCD_mixneg__F12789,HetCD_mixneg,empty,0,0,0,0,0,True,0,0.0
HetCD_mixneg__F12848,HetCD_mixneg,single,1,1,0,1,2,False,1,0.5868203043937683
HetCD_mixneg__F12877,HetCD_mixneg,empty,0,0,0,0,0,True,0,0.0
HetCD_mixneg__F12888,HetCD_mixneg,empty,0,0,0,0,0,True,0,0.0
HetCD_mixneg__F1289,HetCD_mixneg,empty,0,0,0,0,0,True,0,0.0
HetCD_mixneg__F12899,HetCD_mixneg,empty,0,0,0,0,0,True,0,0.0
HetCD_mixneg__F12910,HetCD_mixneg,empty,0,0,0,0,0,True,0,0.0
HetCD_mixneg__F12918,HetCD_mixneg,single,1,0,0,1,1,True,0,0.9750658273696899
HetCD_mixneg__F12960,HetCD_mixneg,single,1,0,0,1,1,True,0,0.9591403007507324
HetCD_mixneg__F12972,HetCD_mixneg,multi,2,0,0,2,2,True,0,0.9278354942798615
HetCD_mixneg__F1298,HetCD_mixneg,single,0,1,1,1,1,True,0,0.0
HetCD_mixneg__F13112,HetCD_mixneg,empty,0,0,0,0,0,True,0,0.0
HetCD_mixneg__F13133,HetCD_mixneg,multi,1,0,1,2,1,False,1,0.8745554089546204
HetCD_mixneg__F13166,HetCD_mixneg,multi,1,0,1,2,1,False,1,0.900931179523468
HetCD_mixneg__F13212,HetCD_mixneg,single,1,2,0,1,3,False,2,0.6668250560760498
HetCD_mixneg__F13250,HetCD_mixneg,empty,0,0,0,0,0,True,0,0.0
HetCD_mixneg__F13253,HetCD_mixneg,empty,0,0,0,0,0,True,0,0.0
HetCD_mixneg__F13268,HetCD_mixneg,empty,0,0,0,0,0,True,0,0.0
HetCD_mixneg__F13316,HetCD_mixneg,single,1,0,0,1,1,True,0,0.9673854112625122
HetCD_mixneg__F13346,HetCD_mixneg,single,1,0,0,1,1,True,0,0.7846401929855347
HetCD_mixneg__F13368,HetCD_mixneg,empty,0,0,0,0,0,True,0,0.0
HetCD_mixneg__F134,HetCD_mixneg,empty,0,0,0,0,0,True,0,0.0
HetCD_mixneg__F13414,HetCD_mixneg,empty,0,0,0,0,0,True,0,0.0
HetCD_mixneg__F13531,HetCD_mixneg,empty,0,0,0,0,0,True,0,0.0
HetCD_mixneg__F13537,HetCD_mixneg,empty,0,0,0,0,0,True,0,0.0
HetCD_mixneg__F13574,HetCD_mixneg,single,1,0,0,1,1,True,0,0.9789642095565796
HetCD_mixneg__F13590,HetCD_mixneg,single,1,0,0,1,1,True,0,0.8895764350891113
HetCD_mixneg__F13631,HetCD_mixneg,multi,2,0,0,2,2,True,0,0.834975391626358
HetCD_mixneg__F13802,HetCD_mixneg,empty,0,0,0,0,0,True,0,0.0
HetCD_mixneg__F13830,HetCD_mixneg,single,1,0,0,1,1,True,0,0.9264237880706787
HetCD_mixneg__F13882,HetCD_mixneg,empty,0,0,0,0,0,True,0,0.0
HetCD_mixneg__F13886,HetCD_mixneg,empty,0,1,0,0,1,False,1,0.0
HetCD_mixneg__F13895,HetCD_mixneg,empty,0,0,0,0,0,True,0,0.0
HetCD_mixneg__F13904,HetCD_mixneg,empty,0,0,0,0,0,True,0,0.0
HetCD_mixneg__F13912,HetCD_mixneg,single,1,0,0,1,1,True,0,0.8939589858055115
HetCD_mixneg__F13957,HetCD_mixneg,empty,0,0,0,0,0,True,0,0.0
HetCD_mixneg__F13962,HetCD_mixneg,empty,0,0,0,0,0,True,0,0.0
HetCD_mixneg__F13982,HetCD_mixneg,empty,0,0,0,0,0,True,0,0.0
HetCD_mixneg__F13985,HetCD_mixneg,empty,0,0,0,0,0,True,0,0.0
HetCD_mixneg__F1399,HetCD_mixneg,empty,0,0,0,0,0,True,0,0.0
HetCD_mixneg__F140,HetCD_mixneg,empty,0,0,0,0,0,True,0,0.0
HetCD_mixneg__F14045,HetCD_mixneg,single,1,1,0,1,2,False,1,0.8293382525444031
HetCD_mixneg__F14055,HetCD_mixneg,empty,0,0,0,0,0,True,0,0.0
HetCD_mixneg__F14091,HetCD_mixneg,empty,0,0,0,0,0,True,0,0.0
HetCD_mixneg__F14143,HetCD_mixneg,empty,0,0,0,0,0,True,0,0.0
HetCD_mixneg__F14239,HetCD_mixneg,single,1,0,0,1,1,True,0,0.9389123916625977
HetCD_mixneg__F14281,HetCD_mixneg,empty,0,0,0,0,0,True,0,0.0
HetCD_mixneg__F14342,HetCD_mixneg,single,1,1,0,1,2,False,1,0.5714575052261353
HetCD_mixneg__F14356,HetCD_mixneg,single,1,0,0,1,1,True,0,0.9684234261512756
HetCD_mixneg__F14407,HetCD_mixneg,empty,0,0,0,0,0,True,0,0.0
HetCD_mixneg__F14433,HetCD_mixneg,single,0,0,1,1,0,False,1,0.0
HetCD_mixneg__F14471,HetCD_mixneg,single,1,0,0,1,1,True,0,0.9729427695274353
HetCD_mixneg__F14546,HetCD_mixneg,empty,0,0,0,0,0,True,0,0.0
HetCD_mixneg__F14660,HetCD_mixneg,empty,0,0,0,0,0,True,0,0.0
HetCD_mixneg__F14754,HetCD_mixneg,empty,0,0,0,0,0,True,0,0.0
HetCD_mixneg__F14780,HetCD_mixneg,empty,0,0,0,0,0,True,0,0.0
HetCD_mixneg__F14883,HetCD_mixneg,multi,1,0,1,2,1,False,1,0.9396754503250122
HetCD_mixneg__F1490,HetCD_mixneg,empty,0,0,0,0,0,True,0,0.0
HetCD_mixneg__F15226,HetCD_mixneg,multi,2,0,0,2,2,True,0,0.9558759033679962
HetCD_mixneg__F15327,HetCD_mixneg,single,1,0,0,1,1,True,0,0.9489961266517639
HetCD_mixneg__F15446,HetCD_mixneg,empty,0,0,0,0,0,True,0,0.0
HetCD_mixneg__F15583,HetCD_mixneg,single,1,0,0,1,1,True,0,0.8924207091331482
HetCD_mixneg__F15617,HetCD_mixneg,empty,0,0,0,0,0,True,0,0.0
HetCD_mixneg__F15664,HetCD_mixneg,single,1,0,0,1,1,True,0,0.9534078240394592
HetCD_mixneg__F15720,HetCD_mixneg,empty,0,0,0,0,0,True,0,0.0
HetCD_mixneg__F15841,HetCD_mixneg,empty,0,0,0,0,0,True,0,0.0
HetCD_mixneg__F15912,HetCD_mixneg,empty,0,0,0,0,0,True,0,0.0
HetCD_mixneg__F15934,HetCD_mixneg,empty,0,1,0,0,1,False,1,0.0
HetCD_mixneg__F1600,HetCD_mixneg,empty,0,0,0,0,0,True,0,0.0
HetCD_mixneg__F16007,HetCD_mixneg,single,1,0,0,1,1,True,0,0.912476122379303
HetCD_mixneg__F1612,HetCD_mixneg,empty,0,0,0,0,0,True,0,0.0
HetCD_mixneg__F16124,HetCD_mixneg,single,1,0,0,1,1,True,0,0.7729655504226685
HetCD_mixneg__F16133,HetCD_mixneg,empty,0,0,0,0,0,True,0,0.0
HetCD_mixneg__F16142,HetCD_mixneg,empty,0,0,0,0,0,True,0,0.0
HetCD_mixneg__F16204,HetCD_mixneg,multi,2,0,0,2,2,True,0,0.8044891953468323
HetCD_mixneg__F16270,HetCD_mixneg,empty,0,0,0,0,0,True,0,0.0
HetCD_mixneg__F16302,HetCD_mixneg,multi,2,1,1,3,3,True,0,0.6258808076381683
HetCD_mixneg__F16321,HetCD_mixneg,empty,0,0,0,0,0,True,0,0.0
HetCD_mixneg__F16363,HetCD_mixneg,empty,0,0,0,0,0,True,0,0.0
HetCD_mixneg__F16419,HetCD_mixneg,multi,2,0,0,2,2,True,0,0.9475234746932983
HetCD_mixneg__F16473,HetCD_mixneg,empty,0,0,0,0,0,True,0,0.0
HetCD_mixneg__F16506,HetCD_mixneg,multi,2,0,1,3,2,False,1,0.9006971716880798
HetCD_mixneg__F16571,HetCD_mixneg,empty,0,0,0,0,0,True,0,0.0
HetCD_mixneg__F16599,HetCD_mixneg,empty,0,0,0,0,0,True,0,0.0
HetCD_mixneg__F16605,HetCD_mixneg,single,1,0,0,1,1,True,0,0.9223812818527222
HetCD_mixneg__F1663,HetCD_mixneg,empty,0,0,0,0,0,True,0,0.0
HetCD_mixneg__F16635,HetCD_mixneg,single,1,0,0,1,1,True,0,0.6311177015304565
HetCD_mixneg__F16652,HetCD_mixneg,single,1,0,0,1,1,True,0,0.9358566999435425
HetCD_mixneg__F16665,HetCD_mixneg,single,1,0,0,1,1,True,0,0.9285839796066284
HetCD_mixneg__F16695,HetCD_mixneg,multi,1,0,1,2,1,False,1,0.9060477018356323
HetCD_mixneg__F16700,HetCD_mixneg,empty,0,0,0,0,0,True,0,0.0
HetCD_mixneg__F16720,HetCD_mixneg,multi,2,0,0,2,2,True,0,0.9108085632324219
HetCD_mixneg__F16784,HetCD_mixneg,empty,0,0,0,0,0,True,0,0.0
HetCD_mixneg__F16977,HetCD_mixneg,empty,0,0,0,0,0,True,0,0.0
HetCD_mixneg__F1699,HetCD_mixneg,empty,0,0,0,0,0,True,0,0.0
HetCD_mixneg__F17011,HetCD_mixneg,empty,0,0,0,0,0,True,0,0.0
HetCD_mixneg__F17017,HetCD_mixneg,empty,0,0,0,0,0,True,0,0.0
HetCD_mixneg__F17028,HetCD_mixneg,single,1,0,0,1,1,True,0,0.9262953996658325
HetCD_mixneg__F17061,HetCD_mixneg,empty,0,0,0,0,0,True,0,0.0
HetCD_mixneg__F17063,HetCD_mixneg,single,1,0,0,1,1,True,0,0.9274843335151672
HetCD_mixneg__F17181,HetCD_mixneg,empty,0,1,0,0,1,False,1,0.0
HetCD_mixneg__F17184,HetCD_mixneg,single,0,4,1,1,4,False,3,0.0
HetCD_mixneg__F17186,HetCD_mixneg,single,1,0,0,1,1,True,0,0.8807908892631531
HetCD_mixneg__F1720,HetCD_mixneg,empty,0,0,0,0,0,True,0,0.0
HetCD_mixneg__F17268,HetCD_mixneg,empty,0,0,0,0,0,True,0,0.0
HetCD_mixneg__F17326,HetCD_mixneg,empty,0,0,0,0,0,True,0,0.0
HetCD_mixneg__F17452,HetCD_mixneg,multi,1,0,1,2,1,False,1,0.8887993097305298
HetCD_mixneg__F1748,HetCD_mixneg,empty,0,0,0,0,0,True,0,0.0
HetCD_mixneg__F17561,HetCD_mixneg,multi,1,0,1,2,1,False,1,0.9344705939292908
HetCD_mixneg__F17563,HetCD_mixneg,empty,0,0,0,0,0,True,0,0.0
HetCD_mixneg__F17565,HetCD_mixneg,empty,0,0,0,0,0,True,0,0.0
HetCD_mixneg__F17606,HetCD_mixneg,single,1,0,0,1,1,True,0,0.9012177586555481
HetCD_mixneg__F17652,HetCD_mixneg,empty,0,0,0,0,0,True,0,0.0
HetCD_mixneg__F17654,HetCD_mixneg,single,1,0,0,1,1,True,0,0.8802558183670044
HetCD_mixneg__F1769,HetCD_mixneg,empty,0,0,0,0,0,True,0,0.0
HetCD_mixneg__F17709,HetCD_mixneg,empty,0,0,0,0,0,True,0,0.0
HetCD_mixneg__F17712,HetCD_mixneg,empty,0,0,0,0,0,True,0,0.0
HetCD_mixneg__F17737,HetCD_mixneg,multi,2,0,0,2,2,True,0,0.9563052654266357
HetCD_mixneg__F17747,HetCD_mixneg,empty,0,0,0,0,0,True,0,0.0
HetCD_mixneg__F17748,HetCD_mixneg,single,1,0,0,1,1,True,0,0.8600443601608276
HetCD_mixneg__F1789,HetCD_mixneg,empty,0,0,0,0,0,True,0,0.0
HetCD_mixneg__F17991,HetCD_mixneg,single,1,0,0,1,1,True,0,0.8514553308486938
HetCD_mixneg__F18057,HetCD_mixneg,empty,0,0,0,0,0,True,0,0.0
HetCD_mixneg__F18096,HetCD_mixneg,single,0,0,1,1,0,False,1,0.0
HetCD_mixneg__F18106,HetCD_mixneg,empty,0,0,0,0,0,True,0,0.0
HetCD_mixneg__F18152,HetCD_mixneg,multi,1,0,3,4,1,False,3,0.9123294353485107
HetCD_mixneg__F1816,HetCD_mixneg,empty,0,0,0,0,0,True,0,0.0
HetCD_mixneg__F18218,HetCD_mixneg,single,1,0,0,1,1,True,0,0.9086892604827881
HetCD_mixneg__F18232,HetCD_mixneg,single,1,0,0,1,1,True,0,0.917976975440979
HetCD_mixneg__F18249,HetCD_mixneg,empty,0,0,0,0,0,True,0,0.0
HetCD_mixneg__F18340,HetCD_mixneg,single,1,0,0,1,1,True,0,0.9138901233673096
HetCD_mixneg__F18376,HetCD_mixneg,single,1,0,0,1,1,True,0,0.8551023006439209
HetCD_mixneg__F18425,HetCD_mixneg,single,1,0,0,1,1,True,0,0.811516523361206
HetCD_mixneg__F18457,HetCD_mixneg,empty,0,0,0,0,0,True,0,0.0
HetCD_mixneg__F18486,HetCD_mixneg,empty,0,0,0,0,0,True,0,0.0
HetCD_mixneg__F18501,HetCD_mixneg,multi,2,0,0,2,2,True,0,0.7584764361381531
HetCD_mixneg__F18511,HetCD_mixneg,single,1,0,0,1,1,True,0,0.9201983213424683
HetCD_mixneg__F18513,HetCD_mixneg,single,1,0,0,1,1,True,0,0.7448530197143555
HetCD_mixneg__F18621,HetCD_mixneg,empty,0,0,0,0,0,True,0,0.0
HetCD_mixneg__F1863,HetCD_mixneg,empty,0,0,0,0,0,True,0,0.0
HetCD_mixneg__F18671,HetCD_mixneg,empty,0,0,0,0,0,True,0,0.0
HetCD_mixneg__F18703,HetCD_mixneg,empty,0,0,0,0,0,True,0,0.0
HetCD_mixneg__F18763,HetCD_mixneg,empty,0,0,0,0,0,True,0,0.0
HetCD_mixneg__F18843,HetCD_mixneg,single,1,0,0,1,1,True,0,0.8243398666381836
HetCD_mixneg__F18887,HetCD_mixneg,empty,0,0,0,0,0,True,0,0.0
HetCD_mixneg__F1892,HetCD_mixneg,empty,0,0,0,0,0,True,0,0.0
HetCD_mixneg__F18930,HetCD_mixneg,single,1,1,0,1,2,False,1,0.9538523554801941
HetCD_mixneg__F1912,HetCD_mixneg,empty,0,0,0,0,0,True,0,0.0
HetCD_mixneg__F19164,HetCD_mixneg,single,1,0,0,1,1,True,0,0.8825698494911194
HetCD_mixneg__F19247,HetCD_mixneg,empty,0,0,0,0,0,True,0,0.0
HetCD_mixneg__F19277,HetCD_mixneg,single,0,0,1,1,0,False,1,0.0
HetCD_mixneg__F19306,HetCD_mixneg,empty,0,0,0,0,0,True,0,0.0
HetCD_mixneg__F19310,HetCD_mixneg,single,1,0,0,1,1,True,0,0.9577085971832275
HetCD_mixneg__F19463,HetCD_mixneg,empty,0,0,0,0,0,True,0,0.0
HetCD_mixneg__F19481,HetCD_mixneg,multi,2,0,0,2,2,True,0,0.9505227208137512
HetCD_mixneg__F19485,HetCD_mixneg,empty,0,0,0,0,0,True,0,0.0
HetCD_mixneg__F19584,HetCD_mixneg,empty,0,0,0,0,0,True,0,0.0
HetCD_mixneg__F19591,HetCD_mixneg,empty,0,0,0,0,0,True,0,0.0
HetCD_mixneg__F19634,HetCD_mixneg,empty,0,1,0,0,1,False,1,0.0
HetCD_mixneg__F19751,HetCD_mixneg,empty,0,0,0,0,0,True,0,0.0
HetCD_mixneg__F19793,HetCD_mixneg,single,1,0,0,1,1,True,0,0.980339765548706
HetCD_mixneg__F19914,HetCD_mixneg,single,1,0,0,1,1,True,0,0.8739405870437622
HetCD_mixneg__F19951,HetCD_mixneg,empty,0,0,0,0,0,True,0,0.0
HetCD_mixneg__F19954,HetCD_mixneg,empty,0,0,0,0,0,True,0,0.0
HetCD_mixneg__F19961,HetCD_mixneg,single,1,0,0,1,1,True,0,0.8808380961418152
HetCD_mixneg__F19982,HetCD_mixneg,single,1,0,0,1,1,True,0,0.799279510974884
HetCD_mixneg__F19999,HetCD_mixneg,empty,0,0,0,0,0,True,0,0.0
HetCD_mixneg__F20000,HetCD_mixneg,single,1,0,0,1,1,True,0,0.9117472767829895
HetCD_mixneg__F20018,HetCD_mixneg,single,1,0,0,1,1,True,0,0.8761091828346252
HetCD_mixneg__F20079,HetCD_mixneg,single,1,0,0,1,1,True,0,0.8965058326721191
HetCD_mixneg__F20119,HetCD_mixneg,single,1,0,0,1,1,True,0,0.9543592929840088
HetCD_mixneg__F20130,HetCD_mixneg,single,1,0,0,1,1,True,0,0.9191281795501709
HetCD_mixneg__F20135,HetCD_mixneg,empty,0,0,0,0,0,True,0,0.0
HetCD_mixneg__F20141,HetCD_mixneg,empty,0,0,0,0,0,True,0,0.0
HetCD_mixneg__F20145,HetCD_mixneg,empty,0,0,0,0,0,True,0,0.0
HetCD_mixneg__F20165,HetCD_mixneg,single,1,0,0,1,1,True,0,0.9759689569473267
HetCD_mixneg__F20167,HetCD_mixneg,multi,1,1,1,2,2,True,0,0.9073734879493713
HetCD_mixneg__F20220,HetCD_mixneg,multi,2,0,1,3,2,False,1,0.8932005167007446
HetCD_mixneg__F20233,HetCD_mixneg,single,1,0,0,1,1,True,0,0.7278889417648315
HetCD_mixneg__F20282,HetCD_mixneg,empty,0,0,0,0,0,True,0,0.0
HetCD_mixneg__F20376,HetCD_mixneg,empty,0,0,0,0,0,True,0,0.0
HetCD_mixneg__F2044,HetCD_mixneg,single,1,0,0,1,1,True,0,0.6516873836517334
HetCD_mixneg__F20488,HetCD_mixneg,multi,1,0,1,2,1,False,1,0.9131559729576111
HetCD_mixneg__F20532,HetCD_mixneg,empty,0,0,0,0,0,True,0,0.0
HetCD_mixneg__F20575,HetCD_mixneg,empty,0,0,0,0,0,True,0,0.0
HetCD_mixneg__F20589,HetCD_mixneg,empty,0,0,0,0,0,True,0,0.0
HetCD_mixneg__F20616,HetCD_mixneg,single,1,0,0,1,1,True,0,0.8787049055099487
HetCD_mixneg__F20631,HetCD_mixneg,multi,2,0,0,2,2,True,0,0.8724631667137146
HetCD_mixneg__F20654,HetCD_mixneg,multi,2,0,0,2,2,True,0,0.9452944099903107
HetCD_mixneg__F20701,HetCD_mixneg,multi,2,0,0,2,2,True,0,0.9282619655132294
HetCD_mixneg__F20789,HetCD_mixneg,empty,0,0,0,0,0,True,0,0.0
HetCD_mixneg__F20816,HetCD_mixneg,multi,1,1,1,2,2,True,0,0.9507567882537842
HetCD_mixneg__F20848,HetCD_mixneg,single,1,0,0,1,1,True,0,0.8479305505752563
HetCD_mixneg__F20887,HetCD_mixneg,single,0,0,1,1,0,False,1,0.0
HetCD_mixneg__F20949,HetCD_mixneg,single,1,0,0,1,1,True,0,0.8514236807823181
HetCD_mixneg__F20958,HetCD_mixneg,empty,0,0,0,0,0,True,0,0.0
HetCD_mixneg__F20977,HetCD_mixneg,empty,0,0,0,0,0,True,0,0.0
HetCD_mixneg__F20988,HetCD_mixneg,multi,2,0,1,3,2,False,1,0.9600876867771149
HetCD_mixneg__F21017,HetCD_mixneg,empty,0,0,0,0,0,True,0,0.0
HetCD_mixneg__F21074,HetCD_mixneg,empty,0,0,0,0,0,True,0,0.0
HetCD_mixneg__F21088,HetCD_mixneg,multi,2,0,0,2,2,True,0,0.9325806796550751
HetCD_mixneg__F21142,HetCD_mixneg,empty,0,0,0,0,0,True,0,0.0
HetCD_mixneg__F21194,HetCD_mixneg,empty,0,0,0,0,0,True,0,0.0
HetCD_mixneg__F21200,HetCD_mixneg,multi,2,0,0,2,2,True,0,0.9009271860122681
HetCD_mixneg__F21220,HetCD_mixneg,single,1,0,0,1,1,True,0,0.8826242685317993
HetCD_mixneg__F21361,HetCD_mixneg,empty,0,0,0,0,0,True,0,0.0
HetCD_mixneg__F21415,HetCD_mixneg,single,1,0,0,1,1,True,0,0.9149298667907715
HetCD_mixneg__F2190,HetCD_mixneg,single,1,0,0,1,1,True,0,0.9684335589408875
HetCD_mixneg__F2196,HetCD_mixneg,empty,0,0,0,0,0,True,0,0.0
HetCD_mixneg__F2203,HetCD_mixneg,empty,0,0,0,0,0,True,0,0.0
HetCD_mixneg__F2291,HetCD_mixneg,empty,0,0,0,0,0,True,0,0.0
HetCD_mixneg__F2316,HetCD_mixneg,empty,0,0,0,0,0,True,0,0.0
HetCD_mixneg__F2362,HetCD_mixneg,empty,0,0,0,0,0,True,0,0.0
HetCD_mixneg__F2413,HetCD_mixneg,empty,0,0,0,0,0,True,0,0.0
HetCD_mixneg__F2426,HetCD_mixneg,empty,0,0,0,0,0,True,0,0.0
HetCD_mixneg__F2451,HetCD_mixneg,empty,0,0,0,0,0,True,0,0.0
HetCD_mixneg__F2459,HetCD_mixneg,empty,0,0,0,0,0,True,0,0.0
HetCD_mixneg__F248,HetCD_mixneg,empty,0,0,0,0,0,True,0,0.0
HetCD_mixneg__F2502,HetCD_mixneg,empty,0,0,0,0,0,True,0,0.0
HetCD_mixneg__F2517,HetCD_mixneg,empty,0,0,0,0,0,True,0,0.0
HetCD_mixneg__F2535,HetCD_mixneg,empty,0,0,0,0,0,True,0,0.0
HetCD_mixneg__F2546,HetCD_mixneg,empty,0,0,0,0,0,True,0,0.0
HetCD_mixneg__F2580,HetCD_mixneg,empty,0,0,0,0,0,True,0,0.0
HetCD_mixneg__F2618,HetCD_mixneg,empty,0,0,0,0,0,True,0,0.0
HetCD_mixneg__F2713,HetCD_mixneg,empty,0,0,0,0,0,True,0,0.0
HetCD_mixneg__F2755,HetCD_mixneg,multi,1,0,1,2,1,False,1,0.8675692081451416
HetCD_mixneg__F2782,HetCD_mixneg,empty,0,1,0,0,1,False,1,0.0
HetCD_mixneg__F2843,HetCD_mixneg,empty,0,0,0,0,0,True,0,0.0
HetCD_mixneg__F2930,HetCD_mixneg,empty,0,0,0,0,0,True,0,0.0
HetCD_mixneg__F3024,HetCD_mixneg,empty,0,0,0,0,0,True,0,0.0
HetCD_mixneg__F3036,HetCD_mixneg,empty,0,0,0,0,0,True,0,0.0
HetCD_mixneg__F3046,HetCD_mixneg,empty,0,0,0,0,0,True,0,0.0
HetCD_mixneg__F3107,HetCD_mixneg,empty,0,0,0,0,0,True,0,0.0
HetCD_mixneg__F3143,HetCD_mixneg,empty,0,0,0,0,0,True,0,0.0
HetCD_mixneg__F3231,HetCD_mixneg,empty,0,0,0,0,0,True,0,0.0
HetCD_mixneg__F3247,HetCD_mixneg,empty,0,0,0,0,0,True,0,0.0
HetCD_mixneg__F3249,HetCD_mixneg,single,1,0,0,1,1,True,0,0.9321708083152771
HetCD_mixneg__F3264,HetCD_mixneg,empty,0,0,0,0,0,True,0,0.0
HetCD_mixneg__F3278,HetCD_mixneg,empty,0,0,0,0,0,True,0,0.0
HetCD_mixneg__F3283,HetCD_mixneg,empty,0,0,0,0,0,True,0,0.0
HetCD_mixneg__F3354,HetCD_mixneg,empty,0,0,0,0,0,True,0,0.0
HetCD_mixneg__F3377,HetCD_mixneg,empty,0,0,0,0,0,True,0,0.0
HetCD_mixneg__F345,HetCD_mixneg,single,1,0,0,1,1,True,0,0.9719511866569519
HetCD_mixneg__F3495,HetCD_mixneg,multi,0,0,2,2,0,False,2,0.0
HetCD_mixneg__F3499,HetCD_mixneg,empty,0,0,0,0,0,True,0,0.0
HetCD_mixneg__F3504,HetCD_mixneg,empty,0,0,0,0,0,True,0,0.0
HetCD_mixneg__F3529,HetCD_mixneg,empty,0,0,0,0,0,True,0,0.0
HetCD_mixneg__F3618,HetCD_mixneg,empty,0,0,0,0,0,True,0,0.0
HetCD_mixneg__F3690,HetCD_mixneg,multi,0,1,2,2,1,False,1,0.0
HetCD_mixneg__F3711,HetCD_mixneg,empty,0,0,0,0,0,True,0,0.0
HetCD_mixneg__F3712,HetCD_mixneg,empty,0,0,0,0,0,True,0,0.0
HetCD_mixneg__F3753,HetCD_mixneg,single,1,0,0,1,1,True,0,0.931766152381897
HetCD_mixneg__F3779,HetCD_mixneg,single,1,1,0,1,2,False,1,0.8657501339912415
HetCD_mixneg__F3848,HetCD_mixneg,empty,0,0,0,0,0,True,0,0.0
HetCD_mixneg__F3923,HetCD_mixneg,empty,0,0,0,0,0,True,0,0.0
HetCD_mixneg__F3966,HetCD_mixneg,empty,0,0,0,0,0,True,0,0.0
HetCD_mixneg__F3994,HetCD_mixneg,empty,0,0,0,0,0,True,0,0.0
HetCD_mixneg__F4025,HetCD_mixneg,empty,0,0,0,0,0,True,0,0.0
HetCD_mixneg__F4033,HetCD_mixneg,single,1,0,0,1,1,True,0,0.8670330047607422
HetCD_mixneg__F4049,HetCD_mixneg,empty,0,0,0,0,0,True,0,0.0
HetCD_mixneg__F4074,HetCD_mixneg,empty,0,0,0,0,0,True,0,0.0
HetCD_mixneg__F409,HetCD_mixneg,single,0,1,1,1,1,True,0,0.0
HetCD_mixneg__F4098,HetCD_mixneg,single,0,0,1,1,0,False,1,0.0
HetCD_mixneg__F4105,HetCD_mixneg,empty,0,0,0,0,0,True,0,0.0
HetCD_mixneg__F4140,HetCD_mixneg,empty,0,0,0,0,0,True,0,0.0
HetCD_mixneg__F4166,HetCD_mixneg,empty,0,0,0,0,0,True,0,0.0
HetCD_mixneg__F4167,HetCD_mixneg,empty,0,0,0,0,0,True,0,0.0
HetCD_mixneg__F4259,HetCD_mixneg,empty,0,0,0,0,0,True,0,0.0
HetCD_mixneg__F4346,HetCD_mixneg,empty,0,0,0,0,0,True,0,0.0
HetCD_mixneg__F4392,HetCD_mixneg,empty,0,0,0,0,0,True,0,0.0
HetCD_mixneg__F4401,HetCD_mixneg,empty,0,0,0,0,0,True,0,0.0
HetCD_mixneg__F4405,HetCD_mixneg,empty,0,0,0,0,0,True,0,0.0
HetCD_mixneg__F4412,HetCD_mixneg,empty,0,0,0,0,0,True,0,0.0
HetCD_mixneg__F4421,HetCD_mixneg,empty,0,0,0,0,0,True,0,0.0
HetCD_mixneg__F4451,HetCD_mixneg,empty,0,0,0,0,0,True,0,0.0
HetCD_mixneg__F4485,HetCD_mixneg,empty,0,0,0,0,0,True,0,0.0
HetCD_mixneg__F4505,HetCD_mixneg,empty,0,0,0,0,0,True,0,0.0
HetCD_mixneg__F4519,HetCD_mixneg,empty,0,0,0,0,0,True,0,0.0
HetCD_mixneg__F4521,HetCD_mixneg,empty,0,0,0,0,0,True,0,0.0
HetCD_mixneg__F4580,HetCD_mixneg,empty,0,0,0,0,0,True,0,0.0
HetCD_mixneg__F4601,HetCD_mixneg,empty,0,0,0,0,0,True,0,0.0
HetCD_mixneg__F4610,HetCD_mixneg,single,0,1,1,1,1,True,0,0.0
HetCD_mixneg__F4654,HetCD_mixneg,empty,0,0,0,0,0,True,0,0.0
HetCD_mixneg__F4697,HetCD_mixneg,empty,0,0,0,0,0,True,0,0.0
HetCD_mixneg__F4744,HetCD_mixneg,empty,0,0,0,0,0,True,0,0.0
HetCD_mixneg__F4772,HetCD_mixneg,empty,0,0,0,0,0,True,0,0.0
HetCD_mixneg__F4773,HetCD_mixneg,empty,0,0,0,0,0,True,0,0.0
HetCD_mixneg__F4795,HetCD_mixneg,empty,0,0,0,0,0,True,0,0.0
HetCD_mixneg__F4833,HetCD_mixneg,empty,0,0,0,0,0,True,0,0.0
HetCD_mixneg__F4845,HetCD_mixneg,empty,0,0,0,0,0,True,0,0.0
HetCD_mixneg__F485,HetCD_mixneg,empty,0,0,0,0,0,True,0,0.0
HetCD_mixneg__F4872,HetCD_mixneg,empty,0,0,0,0,0,True,0,0.0
HetCD_mixneg__F4990,HetCD_mixneg,single,1,0,0,1,1,True,0,0.8525086641311646
HetCD_mixneg__F504,HetCD_mixneg,empty,0,0,0,0,0,True,0,0.0
HetCD_mixneg__F5099,HetCD_mixneg,empty,0,0,0,0,0,True,0,0.0
HetCD_mixneg__F5100,HetCD_mixneg,empty,0,0,0,0,0,True,0,0.0
HetCD_mixneg__F5166,HetCD_mixneg,empty,0,0,0,0,0,True,0,0.0
HetCD_mixneg__F5199,HetCD_mixneg,empty,0,0,0,0,0,True,0,0.0
HetCD_mixneg__F5217,HetCD_mixneg,empty,0,0,0,0,0,True,0,0.0
HetCD_mixneg__F5218,HetCD_mixneg,empty,0,0,0,0,0,True,0,0.0
HetCD_mixneg__F5231,HetCD_mixneg,empty,0,0,0,0,0,True,0,0.0
HetCD_mixneg__F5260,HetCD_mixneg,empty,0,0,0,0,0,True,0,0.0
HetCD_mixneg__F5285,HetCD_mixneg,empty,0,0,0,0,0,True,0,0.0
HetCD_mixneg__F5294,HetCD_mixneg,empty,0,0,0,0,0,True,0,0.0
HetCD_mixneg__F5352,HetCD_mixneg,single,1,0,0,1,1,True,0,0.9828717708587646
HetCD_mixneg__F5419,HetCD_mixneg,empty,0,0,0,0,0,True,0,0.0
HetCD_mixneg__F5422,HetCD_mixneg,empty,0,0,0,0,0,True,0,0.0
HetCD_mixneg__F5454,HetCD_mixneg,single,1,0,0,1,1,True,0,0.9586659073829651
HetCD_mixneg__F5501,HetCD_mixneg,empty,0,0,0,0,0,True,0,0.0
HetCD_mixneg__F5529,HetCD_mixneg,empty,0,0,0,0,0,True,0,0.0
HetCD_mixneg__F5533,HetCD_mixneg,empty,0,0,0,0,0,True,0,0.0
HetCD_mixneg__F555,HetCD_mixneg,single,1,0,0,1,1,True,0,0.9265092611312866
HetCD_mixneg__F5565,HetCD_mixneg,empty,0,0,0,0,0,True,0,0.0
HetCD_mixneg__F5594,HetCD_mixneg,empty,0,0,0,0,0,True,0,0.0
HetCD_mixneg__F5611,HetCD_mixneg,empty,0,0,0,0,0,True,0,0.0
HetCD_mixneg__F5717,HetCD_mixneg,empty,0,0,0,0,0,True,0,0.0
HetCD_mixneg__F5765,HetCD_mixneg,single,0,1,1,1,1,True,0,0.0
HetCD_mixneg__F5785,HetCD_mixneg,empty,0,0,0,0,0,True,0,0.0
HetCD_mixneg__F5864,HetCD_mixneg,multi,2,0,1,3,2,False,1,0.8171563148498535
HetCD_mixneg__F5867,HetCD_mixneg,empty,0,0,0,0,0,True,0,0.0
HetCD_mixneg__F5901,HetCD_mixneg,single,1,0,0,1,1,True,0,0.9410659670829773
HetCD_mixneg__F5996,HetCD_mixneg,empty,0,0,0,0,0,True,0,0.0
HetCD_mixneg__F6004,HetCD_mixneg,single,1,0,0,1,1,True,0,0.8548040390014648
HetCD_mixneg__F6025,HetCD_mixneg,empty,0,0,0,0,0,True,0,0.0
HetCD_mixneg__F607,HetCD_mixneg,empty,0,0,0,0,0,True,0,0.0
HetCD_mixneg__F6085,HetCD_mixneg,empty,0,0,0,0,0,True,0,0.0
HetCD_mixneg__F6162,HetCD_mixneg,empty,0,0,0,0,0,True,0,0.0
HetCD_mixneg__F6174,HetCD_mixneg,empty,0,0,0,0,0,True,0,0.0
HetCD_mixneg__F6203,HetCD_mixneg,empty,0,0,0,0,0,True,0,0.0
HetCD_mixneg__F6246,HetCD_mixneg,empty,0,0,0,0,0,True,0,0.0
HetCD_mixneg__F6259,HetCD_mixneg,empty,0,0,0,0,0,True,0,0.0
HetCD_mixneg__F6299,HetCD_mixneg,empty,0,0,0,0,0,True,0,0.0
HetCD_mixneg__F6310,HetCD_mixneg,empty,0,0,0,0,0,True,0,0.0
HetCD_mixneg__F6329,HetCD_mixneg,empty,0,0,0,0,0,True,0,0.0
HetCD_mixneg__F6356,HetCD_mixneg,empty,0,0,0,0,0,True,0,0.0
HetCD_mixneg__F6367,HetCD_mixneg,empty,0,0,0,0,0,True,0,0.0
HetCD_mixneg__F6386,HetCD_mixneg,single,1,0,0,1,1,True,0,0.9179705381393433
HetCD_mixneg__F6391,HetCD_mixneg,empty,0,0,0,0,0,True,0,0.0
HetCD_mixneg__F6408,HetCD_mixneg,empty,0,0,0,0,0,True,0,0.0
HetCD_mixneg__F641,HetCD_mixneg,empty,0,0,0,0,0,True,0,0.0
HetCD_mixneg__F6425,HetCD_mixneg,empty,0,0,0,0,0,True,0,0.0
HetCD_mixneg__F6507,HetCD_mixneg,empty,0,0,0,0,0,True,0,0.0
HetCD_mixneg__F6527,HetCD_mixneg,single,1,0,0,1,1,True,0,0.8970586657524109
HetCD_mixneg__F6528,HetCD_mixneg,empty,0,0,0,0,0,True,0,0.0
HetCD_mixneg__F6535,HetCD_mixneg,empty,0,0,0,0,0,True,0,0.0
HetCD_mixneg__F6587,HetCD_mixneg,empty,0,0,0,0,0,True,0,0.0
HetCD_mixneg__F6600,HetCD_mixneg,empty,0,0,0,0,0,True,0,0.0
HetCD_mixneg__F6626,HetCD_mixneg,empty,0,0,0,0,0,True,0,0.0
HetCD_mixneg__F6632,HetCD_mixneg,empty,0,0,0,0,0,True,0,0.0
HetCD_mixneg__F6654,HetCD_mixneg,empty,0,0,0,0,0,True,0,0.0
HetCD_mixneg__F6699,HetCD_mixneg,empty,0,0,0,0,0,True,0,0.0
HetCD_mixneg__F6869,HetCD_mixneg,empty,0,0,0,0,0,True,0,0.0
HetCD_mixneg__F6904,HetCD_mixneg,empty,0,0,0,0,0,True,0,0.0
HetCD_mixneg__F6937,HetCD_mixneg,empty,0,0,0,0,0,True,0,0.0
HetCD_mixneg__F7071,HetCD_mixneg,empty,0,0,0,0,0,True,0,0.0
HetCD_mixneg__F7154,HetCD_mixneg,empty,0,0,0,0,0,True,0,0.0
HetCD_mixneg__F7164,HetCD_mixneg,empty,0,0,0,0,0,True,0,0.0
HetCD_mixneg__F7200,HetCD_mixneg,empty,0,0,0,0,0,True,0,0.0
HetCD_mixneg__F7216,HetCD_mixneg,empty,0,0,0,0,0,True,0,0.0
HetCD_mixneg__F7271,HetCD_mixneg,empty,0,0,0,0,0,True,0,0.0
HetCD_mixneg__F7325,HetCD_mixneg,empty,0,0,0,0,0,True,0,0.0
HetCD_mixneg__F7360,HetCD_mixneg,empty,0,0,0,0,0,True,0,0.0
HetCD_mixneg__F7412,HetCD_mixneg,single,0,0,1,1,0,False,1,0.0
HetCD_mixneg__F7485,HetCD_mixneg,single,1,0,0,1,1,True,0,0.9546605348587036
HetCD_mixneg__F7528,HetCD_mixneg,empty,0,0,0,0,0,True,0,0.0
HetCD_mixneg__F7538,HetCD_mixneg,single,1,0,0,1,1,True,0,0.9723595976829529
HetCD_mixneg__F7629,HetCD_mixneg,multi,0,0,2,2,0,False,2,0.0
HetCD_mixneg__F7732,HetCD_mixneg,empty,0,0,0,0,0,True,0,0.0
HetCD_mixneg__F7815,HetCD_mixneg,empty,0,0,0,0,0,True,0,0.0
HetCD_mixneg__F7902,HetCD_mixneg,single,1,0,0,1,1,True,0,0.7951115369796753
HetCD_mixneg__F7917,HetCD_mixneg,empty,0,0,0,0,0,True,0,0.0
HetCD_mixneg__F7923,HetCD_mixneg,empty,0,0,0,0,0,True,0,0.0
HetCD_mixneg__F7998,HetCD_mixneg,empty,0,0,0,0,0,True,0,0.0
HetCD_mixneg__F8019,HetCD_mixneg,single,1,0,0,1,1,True,0,0.8689824342727661
HetCD_mixneg__F8047,HetCD_mixneg,empty,0,0,0,0,0,True,0,0.0
HetCD_mixneg__F8088,HetCD_mixneg,empty,0,0,0,0,0,True,0,0.0
HetCD_mixneg__F8095,HetCD_mixneg,empty,0,0,0,0,0,True,0,0.0
HetCD_mixneg__F8171,HetCD_mixneg,empty,0,0,0,0,0,True,0,0.0
HetCD_mixneg__F8194,HetCD_mixneg,empty,0,0,0,0,0,True,0,0.0
HetCD_mixneg__F8212,HetCD_mixneg,empty,0,0,0,0,0,True,0,0.0
HetCD_mixneg__F8238,HetCD_mixneg,empty,0,0,0,0,0,True,0,0.0
HetCD_mixneg__F8257,HetCD_mixneg,empty,0,0,0,0,0,True,0,0.0
HetCD_mixneg__F8263,HetCD_mixneg,empty,0,0,0,0,0,True,0,0.0
HetCD_mixneg__F8294,HetCD_mixneg,empty,0,0,0,0,0,True,0,0.0
HetCD_mixneg__F8333,HetCD_mixneg,empty,0,0,0,0,0,True,0,0.0
HetCD_mixneg__F8345,HetCD_mixneg,empty,0,0,0,0,0,True,0,0.0
HetCD_mixneg__F8359,HetCD_mixneg,empty,0,0,0,0,0,True,0,0.0
HetCD_mixneg__F8405,HetCD_mixneg,empty,0,0,0,0,0,True,0,0.0
HetCD_mixneg__F8507,HetCD_mixneg,empty,0,0,0,0,0,True,0,0.0
HetCD_mixneg__F8538,HetCD_mixneg,empty,0,0,0,0,0,True,0,0.0
HetCD_mixneg__F8539,HetCD_mixneg,empty,0,0,0,0,0,True,0,0.0
HetCD_mixneg__F8569,HetCD_mixneg,empty,0,0,0,0,0,True,0,0.0
HetCD_mixneg__F8609,HetCD_mixneg,empty,0,0,0,0,0,True,0,0.0
HetCD_mixneg__F8648,HetCD_mixneg,empty,0,0,0,0,0,True,0,0.0
HetCD_mixneg__F8679,HetCD_mixneg,empty,0,0,0,0,0,True,0,0.0
HetCD_mixneg__F8695,HetCD_mixneg,empty,0,0,0,0,0,True,0,0.0
HetCD_mixneg__F8747,HetCD_mixneg,empty,0,0,0,0,0,True,0,0.0
HetCD_mixneg__F8802,HetCD_mixneg,empty,0,0,0,0,0,True,0,0.0
HetCD_mixneg__F8883,HetCD_mixneg,empty,0,0,0,0,0,True,0,0.0
HetCD_mixneg__F8910,HetCD_mixneg,empty,0,0,0,0,0,True,0,0.0
HetCD_mixneg__F8953,HetCD_mixneg,empty,0,0,0,0,0,True,0,0.0
HetCD_mixneg__F8982,HetCD_mixneg,empty,0,0,0,0,0,True,0,0.0
HetCD_mixneg__F9007,HetCD_mixneg,empty,0,0,0,0,0,True,0,0.0
HetCD_mixneg__F9041,HetCD_mixneg,empty,0,0,0,0,0,True,0,0.0
HetCD_mixneg__F9060,HetCD_mixneg,empty,0,0,0,0,0,True,0,0.0
HetCD_mixneg__F9062,HetCD_mixneg,empty,0,0,0,0,0,True,0,0.0
HetCD_mixneg__F9101,HetCD_mixneg,empty,0,0,0,0,0,True,0,0.0
HetCD_mixneg__F912,HetCD_mixneg,empty,0,0,0,0,0,True,0,0.0
HetCD_mixneg__F9189,HetCD_mixneg,empty,0,0,0,0,0,True,0,0.0
HetCD_mixneg__F9241,HetCD_mixneg,empty,0,0,0,0,0,True,0,0.0
HetCD_mixneg__F9251,HetCD_mixneg,empty,0,0,0,0,0,True,0,0.0
HetCD_mixneg__F9263,HetCD_mixneg,empty,0,0,0,0,0,True,0,0.0
HetCD_mixneg__F9280,HetCD_mixneg,empty,0,0,0,0,0,True,0,0.0
HetCD_mixneg__F9316,HetCD_mixneg,empty,0,0,0,0,0,True,0,0.0
HetCD_mixneg__F9364,HetCD_mixneg,empty,0,0,0,0,0,True,0,0.0
HetCD_mixneg__F9368,HetCD_mixneg,empty,0,0,0,0,0,True,0,0.0
HetCD_mixneg__F937,HetCD_mixneg,single,1,0,0,1,1,True,0,0.8641499280929565
HetCD_mixneg__F9381,HetCD_mixneg,empty,0,0,0,0,0,True,0,0.0
HetCD_mixneg__F9385,HetCD_mixneg,empty,0,0,0,0,0,True,0,0.0
HetCD_mixneg__F9441,HetCD_mixneg,empty,0,0,0,0,0,True,0,0.0
HetCD_mixneg__F9445,HetCD_mixneg,empty,0,0,0,0,0,True,0,0.0
HetCD_mixneg__F9521,HetCD_mixneg,empty,0,0,0,0,0,True,0,0.0
HetCD_mixneg__F9544,HetCD_mixneg,empty,0,0,0,0,0,True,0,0.0
HetCD_mixneg__F9560,HetCD_mixneg,empty,0,0,0,0,0,True,0,0.0
HetCD_mixneg__F9646,HetCD_mixneg,single,1,0,0,1,1,True,0,0.9215540885925293
HetCD_mixneg__F9699,HetCD_mixneg,empty,0,0,0,0,0,True,0,0.0
HetCD_mixneg__F972,HetCD_mixneg,single,0,0,1,1,0,False,1,0.0
HetCD_mixneg__F9740,HetCD_mixneg,empty,0,0,0,0,0,True,0,0.0
HetCD_mixneg__F9813,HetCD_mixneg,empty,0,0,0,0,0,True,0,0.0
HetCD_mixneg__F9872,HetCD_mixneg,empty,0,0,0,0,0,True,0,0.0
HetCD_mixneg__F9932,HetCD_mixneg,empty,0,0,0,0,0,True,0,0.0
HetCD_mixneg__F9940,HetCD_mixneg,empty,0,0,0,0,0,True,0,0.0
WTHFD_mixpos__F10000,WTHFD_mixpos,single,0,0,1,1,0,False,1,0.0
WTHFD_mixpos__F10011,WTHFD_mixpos,multi,2,0,0,2,2,True,0,0.8697400093078613
WTHFD_mixpos__F10017,WTHFD_mixpos,single,1,0,0,1,1,True,0,0.9641091227531433
WTHFD_mixpos__F10090,WTHFD_mixpos,empty,0,0,0,0,0,True,0,0.0
WTHFD_mixpos__F10183,WTHFD_mixpos,empty,0,0,0,0,0,True,0,0.0
WTHFD_mixpos__F10204,WTHFD_mixpos,empty,0,0,0,0,0,True,0,0.0
WTHFD_mixpos__F10225,WTHFD_mixpos,empty,0,0,0,0,0,True,0,0.0
WTHFD_mixpos__F10264,WTHFD_mixpos,empty,0,0,0,0,0,True,0,0.0
WTHFD_mixpos__F10389,WTHFD_mixpos,single,1,1,0,1,2,False,1,0.6541453003883362
WTHFD_mixpos__F1044,WTHFD_mixpos,empty,0,0,0,0,0,True,0,0.0
WTHFD_mixpos__F10455,WTHFD_mixpos,empty,0,0,0,0,0,True,0,0.0
WTHFD_mixpos__F10516,WTHFD_mixpos,empty,0,0,0,0,0,True,0,0.0
WTHFD_mixpos__F10570,WTHFD_mixpos,empty,0,0,0,0,0,True,0,0.0
WTHFD_mixpos__F10611,WTHFD_mixpos,empty,0,0,0,0,0,True,0,0.0
WTHFD_mixpos__F10698,WTHFD_mixpos,empty,0,0,0,0,0,True,0,0.0
WTHFD_mixpos__F10747,WTHFD_mixpos,single,0,1,1,1,1,True,0,0.0
WTHFD_mixpos__F10748,WTHFD_mixpos,single,0,1,1,1,1,True,0,0.0
WTHFD_mixpos__F10769,WTHFD_mixpos,multi,1,0,1,2,1,False,1,0.8449380397796631
WTHFD_mixpos__F10813,WTHFD_mixpos,empty,0,0,0,0,0,True,0,0.0
WTHFD_mixpos__F10828,WTHFD_mixpos,empty,0,1,0,0,1,False,1,0.0
WTHFD_mixpos__F10844,WTHFD_mixpos,single,1,0,0,1,1,True,0,0.9290512800216675
WTHFD_mixpos__F10880,WTHFD_mixpos,empty,0,0,0,0,0,True,0,0.0
WTHFD_mixpos__F1093,WTHFD_mixpos,empty,0,0,0,0,0,True,0,0.0
WTHFD_mixpos__F10991,WTHFD_mixpos,empty,0,0,0,0,0,True,0,0.0
WTHFD_mixpos__F11126,WTHFD_mixpos,empty,0,0,0,0,0,True,0,0.0
WTHFD_mixpos__F11192,WTHFD_mixpos,empty,0,1,0,0,1,False,1,0.0
WTHFD_mixpos__F11217,WTHFD_mixpos,empty,0,0,0,0,0,True,0,0.0
WTHFD_mixpos__F1123,WTHFD_mixpos,empty,0,0,0,0,0,True,0,0.0
WTHFD_mixpos__F11248,WTHFD_mixpos,empty,0,0,0,0,0,True,0,0.0
WTHFD_mixpos__F11260,WTHFD_mixpos,empty,0,0,0,0,0,True,0,0.0
WTHFD_mixpos__F11360,WTHFD_mixpos,single,1,0,0,1,1,True,0,0.7997041344642639
WTHFD_mixpos__F11424,WTHFD_mixpos,single,1,0,0,1,1,True,0,0.9654802083969116
WTHFD_mixpos__F11477,WTHFD_mixpos,empty,0,0,0,0,0,True,0,0.0
WTHFD_mixpos__F11489,WTHFD_mixpos,empty,0,0,0,0,0,True,0,0.0
WTHFD_mixpos__F11492,WTHFD_mixpos,empty,0,0,0,0,0,True,0,0.0
WTHFD_mixpos__F11496,WTHFD_mixpos,single,1,0,0,1,1,True,0,0.8490743041038513
WTHFD_mixpos__F11567,WTHFD_mixpos,empty,0,0,0,0,0,True,0,0.0
WTHFD_mixpos__F11622,WTHFD_mixpos,empty,0,0,0,0,0,True,0,0.0
WTHFD_mixpos__F11662,WTHFD_mixpos,single,0,0,1,1,0,False,1,0.0
WTHFD_mixpos__F1189,WTHFD_mixpos,empty,0,0,0,0,0,True,0,0.0
WTHFD_mixpos__F12108,WTHFD_mixpos,empty,0,0,0,0,0,True,0,0.0
WTHFD_mixpos__F12273,WTHFD_mixpos,single,1,0,0,1,1,True,0,0.9403907060623169
WTHFD_mixpos__F12284,WTHFD_mixpos,empty,0,0,0,0,0,True,0,0.0
WTHFD_mixpos__F12355,WTHFD_mixpos,empty,0,0,0,0,0,True,0,0.0
WTHFD_mixpos__F12365,WTHFD_mixpos,empty,0,0,0,0,0,True,0,0.0
WTHFD_mixpos__F12370,WTHFD_mixpos,single,1,1,0,1,2,False,1,0.5507550835609436
WTHFD_mixpos__F1248,WTHFD_mixpos,empty,0,0,0,0,0,True,0,0.0
WTHFD_mixpos__F12492,WTHFD_mixpos,empty,0,0,0,0,0,True,0,0.0
WTHFD_mixpos__F12494,WTHFD_mixpos,empty,0,0,0,0,0,True,0,0.0
WTHFD_mixpos__F12519,WTHFD_mixpos,empty,0,0,0,0,0,True,0,0.0
WTHFD_mixpos__F12594,WTHFD_mixpos,empty,0,0,0,0,0,True,0,0.0
WTHFD_mixpos__F12644,WTHFD_mixpos,empty,0,0,0,0,0,True,0,0.0
WTHFD_mixpos__F12705,WTHFD_mixpos,empty,0,0,0,0,0,True,0,0.0
WTHFD_mixpos__F12712,WTHFD_mixpos,empty,0,0,0,0,0,True,0,0.0
WTHFD_mixpos__F1279,WTHFD_mixpos,empty,0,0,0,0,0,True,0,0.0
WTHFD_mixpos__F1299,WTHFD_mixpos,empty,0,0,0,0,0,True,0,0.0
WTHFD_mixpos__F13085,WTHFD_mixpos,empty,0,0,0,0,0,True,0,0.0
WTHFD_mixpos__F13182,WTHFD_mixpos,single,1,0,0,1,1,True,0,0.8726053833961487
WTHFD_mixpos__F13275,WTHFD_mixpos,empty,0,0,0,0,0,True,0,0.0
WTHFD_mixpos__F13283,WTHFD_mixpos,multi,2,0,0,2,2,True,0,0.793997049331665
WTHFD_mixpos__F13322,WTHFD_mixpos,empty,0,0,0,0,0,True,0,0.0
WTHFD_mixpos__F13329,WTHFD_mixpos,empty,0,0,0,0,0,True,0,0.0
WTHFD_mixpos__F13356,WTHFD_mixpos,empty,0,0,0,0,0,True,0,0.0
WTHFD_mixpos__F1338,WTHFD_mixpos,empty,0,0,0,0,0,True,0,0.0
WTHFD_mixpos__F13421,WTHFD_mixpos,single,1,0,0,1,1,True,0,0.9044114351272583
WTHFD_mixpos__F13458,WTHFD_mixpos,empty,0,0,0,0,0,True,0,0.0
WTHFD_mixpos__F13488,WTHFD_mixpos,empty,0,0,0,0,0,True,0,0.0
WTHFD_mixpos__F13530,WTHFD_mixpos,empty,0,0,0,0,0,True,0,0.0
WTHFD_mixpos__F13593,WTHFD_mixpos,empty,0,0,0,0,0,True,0,0.0
WTHFD_mixpos__F13600,WTHFD_mixpos,empty,0,0,0,0,0,True,0,0.0
WTHFD_mixpos__F13702,WTHFD_mixpos,empty,0,0,0,0,0,True,0,0.0
WTHFD_mixpos__F13769,WTHFD_mixpos,empty,0,0,0,0,0,True,0,0.0
WTHFD_mixpos__F13812,WTHFD_mixpos,empty,0,0,0,0,0,True,0,0.0
WTHFD_mixpos__F13823,WTHFD_mixpos,empty,0,0,0,0,0,True,0,0.0
WTHFD_mixpos__F13955,WTHFD_mixpos,empty,0,0,0,0,0,True,0,0.0
WTHFD_mixpos__F14024,WTHFD_mixpos,empty,0,0,0,0,0,True,0,0.0
WTHFD_mixpos__F14059,WTHFD_mixpos,empty,0,0,0,0,0,True,0,0.0
WTHFD_mixpos__F14101,WTHFD_mixpos,single,1,0,0,1,1,True,0,0.7343717217445374
WTHFD_mixpos__F14182,WTHFD_mixpos,single,1,0,0,1,1,True,0,0.8184397220611572
WTHFD_mixpos__F14294,WTHFD_mixpos,empty,0,0,0,0,0,True,0,0.0
WTHFD_mixpos__F14308,WTHFD_mixpos,empty,0,0,0,0,0,True,0,0.0
WTHFD_mixpos__F14312,WTHFD_mixpos,empty,0,0,0,0,0,True,0,0.0
WTHFD_mixpos__F14324,WTHFD_mixpos,empty,0,0,0,0,0,True,0,0.0
WTHFD_mixpos__F14412,WTHFD_mixpos,empty,0,0,0,0,0,True,0,0.0
WTHFD_mixpos__F14413,WTHFD_mixpos,empty,0,0,0,0,0,True,0,0.0
WTHFD_mixpos__F14493,WTHFD_mixpos,single,1,0,0,1,1,True,0,0.9534894824028015
WTHFD_mixpos__F14499,WTHFD_mixpos,empty,0,0,0,0,0,True,0,0.0
WTHFD_mixpos__F1457,WTHFD_mixpos,empty,0,0,0,0,0,True,0,0.0
WTHFD_mixpos__F14612,WTHFD_mixpos,single,1,0,0,1,1,True,0,0.8776273727416992
WTHFD_mixpos__F14618,WTHFD_mixpos,empty,0,0,0,0,0,True,0,0.0
WTHFD_mixpos__F14648,WTHFD_mixpos,single,1,0,0,1,1,True,0,0.9738035798072815
WTHFD_mixpos__F14763,WTHFD_mixpos,single,1,0,0,1,1,True,0,0.8823559880256653
WTHFD_mixpos__F14765,WTHFD_mixpos,empty,0,0,0,0,0,True,0,0.0
WTHFD_mixpos__F14776,WTHFD_mixpos,empty,0,0,0,0,0,True,0,0.0
WTHFD_mixpos__F14879,WTHFD_mixpos,single,1,1,0,1,2,False,1,0.6559937596321106
WTHFD_mixpos__F14911,WTHFD_mixpos,empty,0,0,0,0,0,True,0,0.0
WTHFD_mixpos__F14920,WTHFD_mixpos,multi,2,0,0,2,2,True,0,0.9319227337837219
WTHFD_mixpos__F14921,WTHFD_mixpos,multi,2,0,0,2,2,True,0,0.8740634024143219
WTHFD_mixpos__F14945,WTHFD_mixpos,single,1,0,0,1,1,True,0,0.6157196760177612
WTHFD_mixpos__F14984,WTHFD_mixpos,empty,0,0,0,0,0,True,0,0.0
WTHFD_mixpos__F15027,WTHFD_mixpos,empty,0,0,0,0,0,True,0,0.0
WTHFD_mixpos__F15068,WTHFD_mixpos,multi,1,0,2,3,1,False,2,0.9516713619232178
WTHFD_mixpos__F15108,WTHFD_mixpos,empty,0,0,0,0,0,True,0,0.0
WTHFD_mixpos__F15171,WTHFD_mixpos,empty,0,0,0,0,0,True,0,0.0
WTHFD_mixpos__F15202,WTHFD_mixpos,multi,1,0,1,2,1,False,1,0.9294770956039429
WTHFD_mixpos__F15269,WTHFD_mixpos,multi,2,0,0,2,2,True,0,0.8590350151062012
WTHFD_mixpos__F15345,WTHFD_mixpos,empty,0,0,0,0,0,True,0,0.0
WTHFD_mixpos__F15365,WTHFD_mixpos,multi,2,1,0,2,3,False,1,0.7647368311882019
WTHFD_mixpos__F15371,WTHFD_mixpos,single,1,0,0,1,1,True,0,0.6835139393806458
WTHFD_mixpos__F15413,WTHFD_mixpos,empty,0,0,0,0,0,True,0,0.0
WTHFD_mixpos__F15492,WTHFD_mixpos,empty,0,0,0,0,0,True,0,0.0
WTHFD_mixpos__F15500,WTHFD_mixpos,single,1,0,0,1,1,True,0,0.9017798900604248
WTHFD_mixpos__F1556,WTHFD_mixpos,empty,0,0,0,0,0,True,0,0.0
WTHFD_mixpos__F15591,WTHFD_mixpos,single,1,0,0,1,1,True,0,0.847737729549408
WTHFD_mixpos__F15724,WTHFD_mixpos,single,1,0,0,1,1,True,0,0.9680830240249634
WTHFD_mixpos__F15790,WTHFD_mixpos,single,1,0,0,1,1,True,0,0.9083293080329895
WTHFD_mixpos__F15886,WTHFD_mixpos,single,1,0,0,1,1,True,0,0.9415568113327026
WTHFD_mixpos__F16011,WTHFD_mixpos,multi,1,0,1,2,1,False,1,0.9827056527137756
WTHFD_mixpos__F16089,WTHFD_mixpos,empty,0,0,0,0,0,True,0,0.0
WTHFD_mixpos__F16105,WTHFD_mixpos,multi,0,0,2,2,0,False,2,0.0
WTHFD_mixpos__F1611,WTHFD_mixpos,empty,0,0,0,0,0,True,0,0.0
WTHFD_mixpos__F16115,WTHFD_mixpos,empty,0,0,0,0,0,True,0,0.0
WTHFD_mixpos__F16145,WTHFD_mixpos,multi,3,0,0,3,3,True,0,0.8794236183166504
WTHFD_mixpos__F1617,WTHFD_mixpos,empty,0,0,0,0,0,True,0,0.0
WTHFD_mixpos__F16275,WTHFD_mixpos,empty,0,0,0,0,0,True,0,0.0
WTHFD_mixpos__F16299,WTHFD_mixpos,empty,0,0,0,0,0,True,0,0.0
WTHFD_mixpos__F16304,WTHFD_mixpos,multi,2,0,0,2,2,True,0,0.8106904625892639
WTHFD_mixpos__F16326,WTHFD_mixpos,single,1,0,0,1,1,True,0,0.9130390882492065
WTHFD_mixpos__F16384,WTHFD_mixpos,empty,0,0,0,0,0,True,0,0.0
WTHFD_mixpos__F16537,WTHFD_mixpos,multi,2,0,0,2,2,True,0,0.9523972868919373
WTHFD_mixpos__F16561,WTHFD_mixpos,multi,2,0,0,2,2,True,0,0.9325160980224609
WTHFD_mixpos__F16712,WTHFD_mixpos,single,1,0,0,1,1,True,0,0.8877391219139099
WTHFD_mixpos__F16723,WTHFD_mixpos,empty,0,0,0,0,0,True,0,0.0
WTHFD_mixpos__F16724,WTHFD_mixpos,single,1,0,0,1,1,True,0,0.9379059672355652
WTHFD_mixpos__F16812,WTHFD_mixpos,single,1,0,0,1,1,True,0,0.9064310789108276
WTHFD_mixpos__F1732,WTHFD_mixpos,multi,2,0,0,2,2,True,0,0.7916169464588165
WTHFD_mixpos__F17330,WTHFD_mixpos,multi,2,0,0,2,2,True,0,0.92912158370018
WTHFD_mixpos__F17476,WTHFD_mixpos,empty,0,0,0,0,0,True,0,0.0
WTHFD_mixpos__F17579,WTHFD_mixpos,single,0,0,1,1,0,False,1,0.0
WTHFD_mixpos__F17621,WTHFD_mixpos,empty,0,0,0,0,0,True,0,0.0
WTHFD_mixpos__F17868,WTHFD_mixpos,empty,0,0,0,0,0,True,0,0.0
WTHFD_mixpos__F17904,WTHFD_mixpos,single,1,1,0,1,2,False,1,0.5049760341644287
WTHFD_mixpos__F17951,WTHFD_mixpos,empty,0,0,0,0,0,True,0,0.0
WTHFD_mixpos__F17967,WTHFD_mixpos,single,1,0,0,1,1,True,0,0.9204355478286743
WTHFD_mixpos__F18054,WTHFD_mixpos,empty,0,0,0,0,0,True,0,0.0
WTHFD_mixpos__F18068,WTHFD_mixpos,multi,2,0,0,2,2,True,0,0.9032406210899353
WTHFD_mixpos__F1816,WTHFD_mixpos,empty,0,0,0,0,0,True,0,0.0
WTHFD_mixpos__F18163,WTHFD_mixpos,multi,2,1,0,2,3,False,1,0.9333491623401642
WTHFD_mixpos__F18390,WTHFD_mixpos,empty,0,0,0,0,0,True,0,0.0
WTHFD_mixpos__F18400,WTHFD_mixpos,empty,0,0,0,0,0,True,0,0.0
WTHFD_mixpos__F18443,WTHFD_mixpos,empty,0,0,0,0,0,True,0,0.0
WTHFD_mixpos__F18484,WTHFD_mixpos,empty,0,0,0,0,0,True,0,0.0
WTHFD_mixpos__F18672,WTHFD_mixpos,empty,0,0,0,0,0,True,0,0.0
WTHFD_mixpos__F18676,WTHFD_mixpos,empty,0,0,0,0,0,True,0,0.0
WTHFD_mixpos__F18787,WTHFD_mixpos,empty,0,2,0,0,2,False,2,0.0
WTHFD_mixpos__F18835,WTHFD_mixpos,empty,0,0,0,0,0,True,0,0.0
WTHFD_mixpos__F18925,WTHFD_mixpos,empty,0,0,0,0,0,True,0,0.0
WTHFD_mixpos__F19085,WTHFD_mixpos,empty,0,0,0,0,0,True,0,0.0
WTHFD_mixpos__F19187,WTHFD_mixpos,empty,0,0,0,0,0,True,0,0.0
WTHFD_mixpos__F1922,WTHFD_mixpos,empty,0,0,0,0,0,True,0,0.0
WTHFD_mixpos__F1924,WTHFD_mixpos,empty,0,0,0,0,0,True,0,0.0
WTHFD_mixpos__F19259,WTHFD_mixpos,empty,0,0,0,0,0,True,0,0.0
WTHFD_mixpos__F19304,WTHFD_mixpos,empty,0,0,0,0,0,True,0,0.0
WTHFD_mixpos__F19432,WTHFD_mixpos,empty,0,0,0,0,0,True,0,0.0
WTHFD_mixpos__F19575,WTHFD_mixpos,empty,0,0,0,0,0,True,0,0.0
WTHFD_mixpos__F19598,WTHFD_mixpos,empty,0,0,0,0,0,True,0,0.0
WTHFD_mixpos__F19609,WTHFD_mixpos,multi,2,0,1,3,2,False,1,0.9482395350933075
WTHFD_mixpos__F19637,WTHFD_mixpos,empty,0,0,0,0,0,True,0,0.0
WTHFD_mixpos__F19667,WTHFD_mixpos,single,1,1,0,1,2,False,1,0.6229504346847534
WTHFD_mixpos__F197,WTHFD_mixpos,empty,0,0,0,0,0,True,0,0.0
WTHFD_mixpos__F19827,WTHFD_mixpos,empty,0,0,0,0,0,True,0,0.0
WTHFD_mixpos__F19866,WTHFD_mixpos,empty,0,0,0,0,0,True,0,0.0
WTHFD_mixpos__F19869,WTHFD_mixpos,single,1,0,0,1,1,True,0,0.9497771859169006
WTHFD_mixpos__F19873,WTHFD_mixpos,single,1,0,0,1,1,True,0,0.8141756653785706
WTHFD_mixpos__F19927,WTHFD_mixpos,single,1,0,0,1,1,True,0,0.9521455764770508
WTHFD_mixpos__F19935,WTHFD_mixpos,empty,0,0,0,0,0,True,0,0.0
WTHFD_mixpos__F19973,WTHFD_mixpos,multi,2,0,0,2,2,True,0,0.8362580239772797
WTHFD_mixpos__F20071,WTHFD_mixpos,empty,0,0,0,0,0,True,0,0.0
WTHFD_mixpos__F20073,WTHFD_mixpos,single,1,1,0,1,2,False,1,0.8255996704101562
WTHFD_mixpos__F20138,WTHFD_mixpos,multi,0,0,2,2,0,False,2,0.0
WTHFD_mixpos__F20159,WTHFD_mixpos,single,1,0,0,1,1,True,0,0.6087837219238281
WTHFD_mixpos__F20236,WTHFD_mixpos,single,1,0,0,1,1,True,0,0.8666877150535583
WTHFD_mixpos__F20330,WTHFD_mixpos,single,1,0,0,1,1,True,0,0.8658018112182617
WTHFD_mixpos__F20335,WTHFD_mixpos,empty,0,0,0,0,0,True,0,0.0
WTHFD_mixpos__F2035,WTHFD_mixpos,empty,0,0,0,0,0,True,0,0.0
WTHFD_mixpos__F20364,WTHFD_mixpos,single,1,0,0,1,1,True,0,0.8961119055747986
WTHFD_mixpos__F20392,WTHFD_mixpos,empty,0,0,0,0,0,True,0,0.0
WTHFD_mixpos__F20420,WTHFD_mixpos,empty,0,1,0,0,1,False,1,0.0
WTHFD_mixpos__F20566,WTHFD_mixpos,empty,0,0,0,0,0,True,0,0.0
WTHFD_mixpos__F20713,WTHFD_mixpos,empty,0,0,0,0,0,True,0,0.0
WTHFD_mixpos__F20726,WTHFD_mixpos,empty,0,0,0,0,0,True,0,0.0
WTHFD_mixpos__F20819,WTHFD_mixpos,multi,2,0,0,2,2,True,0,0.9105486571788788
WTHFD_mixpos__F20886,WTHFD_mixpos,empty,0,0,0,0,0,True,0,0.0
WTHFD_mixpos__F20942,WTHFD_mixpos,empty,0,0,0,0,0,True,0,0.0
WTHFD_mixpos__F20960,WTHFD_mixpos,multi,4,0,0,4,4,True,0,0.9070035368204117
WTHFD_mixpos__F21035,WTHFD_mixpos,multi,1,1,3,4,2,False,2,0.7585684657096863
WTHFD_mixpos__F211,WTHFD_mixpos,empty,0,0,0,0,0,True,0,0.0
WTHFD_mixpos__F2120,WTHFD_mixpos,single,1,0,0,1,1,True,0,0.881361722946167
WTHFD_mixpos__F21201,WTHFD_mixpos,single,0,0,1,1,0,False,1,0.0
WTHFD_mixpos__F21354,WTHFD_mixpos,single,1,1,0,1,2,False,1,0.9060065746307373
WTHFD_mixpos__F2154,WTHFD_mixpos,empty,0,0,0,0,0,True,0,0.0
WTHFD_mixpos__F21565,WTHFD_mixpos,empty,0,0,0,0,0,True,0,0.0
WTHFD_mixpos__F21615,WTHFD_mixpos,multi,2,0,0,2,2,True,0,0.7715505957603455
WTHFD_mixpos__F21619,WTHFD_mixpos,single,1,0,0,1,1,True,0,0.9164547324180603
WTHFD_mixpos__F21681,WTHFD_mixpos,single,1,0,0,1,1,True,0,0.9296150803565979
WTHFD_mixpos__F2169,WTHFD_mixpos,empty,0,0,0,0,0,True,0,0.0
WTHFD_mixpos__F21712,WTHFD_mixpos,single,1,0,0,1,1,True,0,0.8602386713027954
WTHFD_mixpos__F21753,WTHFD_mixpos,empty,0,0,0,0,0,True,0,0.0
WTHFD_mixpos__F21756,WTHFD_mixpos,empty,0,0,0,0,0,True,0,0.0
WTHFD_mixpos__F21791,WTHFD_mixpos,empty,0,0,0,0,0,True,0,0.0
WTHFD_mixpos__F21804,WTHFD_mixpos,single,1,0,0,1,1,True,0,0.9153318405151367
WTHFD_mixpos__F21869,WTHFD_mixpos,empty,0,0,0,0,0,True,0,0.0
WTHFD_mixpos__F21873,WTHFD_mixpos,empty,0,0,0,0,0,True,0,0.0
WTHFD_mixpos__F22005,WTHFD_mixpos,empty,0,0,0,0,0,True,0,0.0
WTHFD_mixpos__F22063,WTHFD_mixpos,single,1,0,0,1,1,True,0,0.9065903425216675
WTHFD_mixpos__F22115,WTHFD_mixpos,empty,0,0,0,0,0,True,0,0.0
WTHFD_mixpos__F22131,WTHFD_mixpos,empty,0,0,0,0,0,True,0,0.0
WTHFD_mixpos__F22157,WTHFD_mixpos,single,1,0,0,1,1,True,0,0.9169795513153076
WTHFD_mixpos__F22179,WTHFD_mixpos,empty,0,1,0,0,1,False,1,0.0
WTHFD_mixpos__F22182,WTHFD_mixpos,empty,0,0,0,0,0,True,0,0.0
WTHFD_mixpos__F22248,WTHFD_mixpos,multi,2,0,0,2,2,True,0,0.726689487695694
WTHFD_mixpos__F22268,WTHFD_mixpos,empty,0,0,0,0,0,True,0,0.0
WTHFD_mixpos__F223,WTHFD_mixpos,empty,0,0,0,0,0,True,0,0.0
WTHFD_mixpos__F22337,WTHFD_mixpos,multi,3,0,0,3,3,True,0,0.9560909469922384
WTHFD_mixpos__F22340,WTHFD_mixpos,single,1,0,0,1,1,True,0,0.918708324432373
WTHFD_mixpos__F22528,WTHFD_mixpos,multi,1,0,1,2,1,False,1,0.9275415539741516
WTHFD_mixpos__F22559,WTHFD_mixpos,multi,1,0,2,3,1,False,2,0.8399183750152588
WTHFD_mixpos__F22569,WTHFD_mixpos,multi,2,1,1,3,3,True,0,0.941506028175354
WTHFD_mixpos__F22590,WTHFD_mixpos,empty,0,0,0,0,0,True,0,0.0
WTHFD_mixpos__F22622,WTHFD_mixpos,single,1,1,0,1,2,False,1,0.9394218325614929
WTHFD_mixpos__F2277,WTHFD_mixpos,empty,0,0,0,0,0,True,0,0.0
WTHFD_mixpos__F22778,WTHFD_mixpos,single,1,0,0,1,1,True,0,0.9628655910491943
WTHFD_mixpos__F22840,WTHFD_mixpos,single,1,0,0,1,1,True,0,0.8766211271286011
WTHFD_mixpos__F22883,WTHFD_mixpos,multi,2,0,0,2,2,True,0,0.9399285614490509
WTHFD_mixpos__F22896,WTHFD_mixpos,single,1,0,0,1,1,True,0,0.9380312561988831
WTHFD_mixpos__F23085,WTHFD_mixpos,empty,0,0,0,0,0,True,0,0.0
WTHFD_mixpos__F23110,WTHFD_mixpos,empty,0,0,0,0,0,True,0,0.0
WTHFD_mixpos__F23176,WTHFD_mixpos,empty,0,0,0,0,0,True,0,0.0
WTHFD_mixpos__F2321,WTHFD_mixpos,empty,0,0,0,0,0,True,0,0.0
WTHFD_mixpos__F23214,WTHFD_mixpos,multi,1,2,1,2,3,False,1,0.8522713780403137
WTHFD_mixpos__F23279,WTHFD_mixpos,multi,2,0,0,2,2,True,0,0.9097523987293243
WTHFD_mixpos__F2332,WTHFD_mixpos,empty,0,0,0,0,0,True,0,0.0
WTHFD_mixpos__F23330,WTHFD_mixpos,multi,3,1,0,3,4,False,1,0.869827409585317
WTHFD_mixpos__F23369,WTHFD_mixpos,empty,0,0,0,0,0,True,0,0.0
WTHFD_mixpos__F23507,WTHFD_mixpos,empty,0,0,0,0,0,True,0,0.0
WTHFD_mixpos__F23550,WTHFD_mixpos,empty,0,0,0,0,0,True,0,0.0
WTHFD_mixpos__F23833,WTHFD_mixpos,single,1,0,0,1,1,True,0,0.9074429869651794
WTHFD_mixpos__F23862,WTHFD_mixpos,empty,0,0,0,0,0,True,0,0.0
WTHFD_mixpos__F23866,WTHFD_mixpos,empty,0,0,0,0,0,True,0,0.0
WTHFD_mixpos__F24054,WTHFD_mixpos,multi,2,0,0,2,2,True,0,0.9005400836467743
WTHFD_mixpos__F24070,WTHFD_mixpos,empty,0,0,0,0,0,True,0,0.0
WTHFD_mixpos__F24144,WTHFD_mixpos,multi,2,0,1,3,2,False,1,0.9410685002803802
WTHFD_mixpos__F24167,WTHFD_mixpos,empty,0,0,0,0,0,True,0,0.0
WTHFD_mixpos__F24181,WTHFD_mixpos,single,1,1,0,1,2,False,1,0.8653587698936462
WTHFD_mixpos__F24308,WTHFD_mixpos,empty,0,0,0,0,0,True,0,0.0
WTHFD_mixpos__F24416,WTHFD_mixpos,empty,0,0,0,0,0,True,0,0.0
WTHFD_mixpos__F24532,WTHFD_mixpos,single,1,0,0,1,1,True,0,0.9530112743377686
WTHFD_mixpos__F24548,WTHFD_mixpos,single,1,0,0,1,1,True,0,0.8901304602622986
WTHFD_mixpos__F24577,WTHFD_mixpos,multi,2,2,0,2,4,False,2,0.8319961130619049
WTHFD_mixpos__F24578,WTHFD_mixpos,single,1,0,0,1,1,True,0,0.9450471997261047
WTHFD_mixpos__F24652,WTHFD_mixpos,empty,0,1,0,0,1,False,1,0.0
WTHFD_mixpos__F24787,WTHFD_mixpos,empty,0,0,0,0,0,True,0,0.0
WTHFD_mixpos__F24897,WTHFD_mixpos,multi,2,0,0,2,2,True,0,0.8919183611869812
WTHFD_mixpos__F25016,WTHFD_mixpos,empty,0,0,0,0,0,True,0,0.0
WTHFD_mixpos__F25105,WTHFD_mixpos,single,1,0,0,1,1,True,0,0.9533977508544922
WTHFD_mixpos__F25115,WTHFD_mixpos,empty,0,0,0,0,0,True,0,0.0
WTHFD_mixpos__F25120,WTHFD_mixpos,single,1,0,0,1,1,True,0,0.9235973358154297
WTHFD_mixpos__F25134,WTHFD_mixpos,empty,0,0,0,0,0,True,0,0.0
WTHFD_mixpos__F25396,WTHFD_mixpos,multi,3,0,0,3,3,True,0,0.9358992973963419
WTHFD_mixpos__F25417,WTHFD_mixpos,multi,1,0,1,2,1,False,1,0.6301941275596619
WTHFD_mixpos__F25535,WTHFD_mixpos,empty,0,0,0,0,0,True,0,0.0
WTHFD_mixpos__F25578,WTHFD_mixpos,empty,0,0,0,0,0,True,0,0.0
WTHFD_mixpos__F25631,WTHFD_mixpos,single,1,1,0,1,2,False,1,0.7212186455726624
WTHFD_mixpos__F25639,WTHFD_mixpos,empty,0,0,0,0,0,True,0,0.0
WTHFD_mixpos__F25787,WTHFD_mixpos,empty,0,0,0,0,0,True,0,0.0
WTHFD_mixpos__F25825,WTHFD_mixpos,empty,0,0,0,0,0,True,0,0.0
WTHFD_mixpos__F25848,WTHFD_mixpos,empty,0,0,0,0,0,True,0,0.0
WTHFD_mixpos__F25867,WTHFD_mixpos,single,1,0,0,1,1,True,0,0.9497485160827637
WTHFD_mixpos__F25885,WTHFD_mixpos,single,1,0,0,1,1,True,0,0.8555396795272827
WTHFD_mixpos__F25923,WTHFD_mixpos,multi,1,0,1,2,1,False,1,0.705969512462616
WTHFD_mixpos__F25933,WTHFD_mixpos,single,1,0,0,1,1,True,0,0.8568518161773682
WTHFD_mixpos__F25942,WTHFD_mixpos,empty,0,0,0,0,0,True,0,0.0
WTHFD_mixpos__F25989,WTHFD_mixpos,empty,0,0,0,0,0,True,0,0.0
WTHFD_mixpos__F26013,WTHFD_mixpos,empty,0,0,0,0,0,True,0,0.0
WTHFD_mixpos__F26054,WTHFD_mixpos,empty,0,0,0,0,0,True,0,0.0
WTHFD_mixpos__F26131,WTHFD_mixpos,empty,0,0,0,0,0,True,0,0.0
WTHFD_mixpos__F2617,WTHFD_mixpos,empty,0,1,0,0,1,False,1,0.0
WTHFD_mixpos__F26170,WTHFD_mixpos,multi,2,0,0,2,2,True,0,0.9497495889663696
WTHFD_mixpos__F26208,WTHFD_mixpos,multi,2,0,0,2,2,True,0,0.8124778270721436
WTHFD_mixpos__F26249,WTHFD_mixpos,empty,0,0,0,0,0,True,0,0.0
WTHFD_mixpos__F26270,WTHFD_mixpos,empty,0,0,0,0,0,True,0,0.0
WTHFD_mixpos__F26375,WTHFD_mixpos,multi,1,0,1,2,1,False,1,0.9267621636390686
WTHFD_mixpos__F2639,WTHFD_mixpos,empty,0,1,0,0,1,False,1,0.0
WTHFD_mixpos__F26402,WTHFD_mixpos,multi,0,0,2,2,0,False,2,0.0
WTHFD_mixpos__F26407,WTHFD_mixpos,single,1,0,0,1,1,True,0,0.9151356220245361
WTHFD_mixpos__F26522,WTHFD_mixpos,single,1,0,0,1,1,True,0,0.9638797044754028
WTHFD_mixpos__F26654,WTHFD_mixpos,single,1,0,0,1,1,True,0,0.964176595211029
WTHFD_mixpos__F267,WTHFD_mixpos,empty,0,0,0,0,0,True,0,0.0
WTHFD_mixpos__F26705,WTHFD_mixpos,empty,0,0,0,0,0,True,0,0.0
WTHFD_mixpos__F26732,WTHFD_mixpos,empty,0,0,0,0,0,True,0,0.0
WTHFD_mixpos__F26764,WTHFD_mixpos,empty,0,0,0,0,0,True,0,0.0
WTHFD_mixpos__F26834,WTHFD_mixpos,single,1,0,0,1,1,True,0,0.9496058821678162
WTHFD_mixpos__F26895,WTHFD_mixpos,single,1,0,0,1,1,True,0,0.8708754181861877
WTHFD_mixpos__F26914,WTHFD_mixpos,multi,1,0,1,2,1,False,1,0.7732566595077515
WTHFD_mixpos__F26916,WTHFD_mixpos,multi,2,0,0,2,2,True,0,0.9205554723739624
WTHFD_mixpos__F26945,WTHFD_mixpos,empty,0,0,0,0,0,True,0,0.0
WTHFD_mixpos__F27094,WTHFD_mixpos,empty,0,0,0,0,0,True,0,0.0
WTHFD_mixpos__F27096,WTHFD_mixpos,single,1,0,0,1,1,True,0,0.8357183933258057
WTHFD_mixpos__F2711,WTHFD_mixpos,empty,0,0,0,0,0,True,0,0.0
WTHFD_mixpos__F27201,WTHFD_mixpos,empty,0,2,0,0,2,False,2,0.0
WTHFD_mixpos__F27207,WTHFD_mixpos,single,1,0,0,1,1,True,0,0.8575183153152466
WTHFD_mixpos__F27301,WTHFD_mixpos,single,1,0,0,1,1,True,0,0.9707545638084412
WTHFD_mixpos__F27362,WTHFD_mixpos,multi,2,0,0,2,2,True,0,0.7570217549800873
WTHFD_mixpos__F27474,WTHFD_mixpos,empty,0,1,0,0,1,False,1,0.0
WTHFD_mixpos__F27483,WTHFD_mixpos,single,1,0,0,1,1,True,0,0.937893807888031
WTHFD_mixpos__F27493,WTHFD_mixpos,empty,0,0,0,0,0,True,0,0.0
WTHFD_mixpos__F27574,WTHFD_mixpos,multi,2,0,0,2,2,True,0,0.9169752597808838
WTHFD_mixpos__F27611,WTHFD_mixpos,empty,0,0,0,0,0,True,0,0.0
WTHFD_mixpos__F27619,WTHFD_mixpos,multi,2,0,0,2,2,True,0,0.9263988435268402
WTHFD_mixpos__F27883,WTHFD_mixpos,empty,0,0,0,0,0,True,0,0.0
WTHFD_mixpos__F27963,WTHFD_mixpos,multi,1,0,3,4,1,False,3,0.9588902592658997
WTHFD_mixpos__F2799,WTHFD_mixpos,empty,0,0,0,0,0,True,0,0.0
WTHFD_mixpos__F27996,WTHFD_mixpos,empty,0,0,0,0,0,True,0,0.0
WTHFD_mixpos__F28027,WTHFD_mixpos,empty,0,1,0,0,1,False,1,0.0
WTHFD_mixpos__F28079,WTHFD_mixpos,single,0,0,1,1,0,False,1,0.0
WTHFD_mixpos__F28093,WTHFD_mixpos,multi,1,0,1,2,1,False,1,0.8375732898712158
WTHFD_mixpos__F28140,WTHFD_mixpos,empty,0,0,0,0,0,True,0,0.0
WTHFD_mixpos__F28175,WTHFD_mixpos,single,1,0,0,1,1,True,0,0.8732995986938477
WTHFD_mixpos__F28228,WTHFD_mixpos,single,1,0,0,1,1,True,0,0.9598169922828674
WTHFD_mixpos__F28295,WTHFD_mixpos,empty,0,0,0,0,0,True,0,0.0
WTHFD_mixpos__F28317,WTHFD_mixpos,single,1,0,0,1,1,True,0,0.9443494081497192
WTHFD_mixpos__F28386,WTHFD_mixpos,single,1,0,0,1,1,True,0,0.9625557065010071
WTHFD_mixpos__F28458,WTHFD_mixpos,empty,0,0,0,0,0,True,0,0.0
WTHFD_mixpos__F28460,WTHFD_mixpos,empty,0,1,0,0,1,False,1,0.0
WTHFD_mixpos__F28489,WTHFD_mixpos,empty,0,0,0,0,0,True,0,0.0
WTHFD_mixpos__F28557,WTHFD_mixpos,empty,0,0,0,0,0,True,0,0.0
WTHFD_mixpos__F28689,WTHFD_mixpos,empty,0,0,0,0,0,True,0,0.0
WTHFD_mixpos__F2877,WTHFD_mixpos,empty,0,0,0,0,0,True,0,0.0
WTHFD_mixpos__F28830,WTHFD_mixpos,single,1,0,0,1,1,True,0,0.8853836059570312
WTHFD_mixpos__F28925,WTHFD_mixpos,single,1,0,0,1,1,True,0,0.9090638756752014
WTHFD_mixpos__F29052,WTHFD_mixpos,single,1,0,0,1,1,True,0,0.9195420742034912
WTHFD_mixpos__F29226,WTHFD_mixpos,empty,0,0,0,0,0,True,0,0.0
WTHFD_mixpos__F29281,WTHFD_mixpos,multi,3,0,0,3,3,True,0,0.9397157231966654
WTHFD_mixpos__F29338,WTHFD_mixpos,single,1,0,0,1,1,True,0,0.9624238610267639
WTHFD_mixpos__F29346,WTHFD_mixpos,empty,0,0,0,0,0,True,0,0.0
WTHFD_mixpos__F29421,WTHFD_mixpos,multi,0,0,2,2,0,False,2,0.0
WTHFD_mixpos__F29464,WTHFD_mixpos,single,1,0,0,1,1,True,0,0.9329788684844971
WTHFD_mixpos__F29485,WTHFD_mixpos,multi,3,0,1,4,3,False,1,0.8181146581967672
WTHFD_mixpos__F29538,WTHFD_mixpos,single,1,0,0,1,1,True,0,0.8203080296516418
WTHFD_mixpos__F2959,WTHFD_mixpos,empty,0,0,0,0,0,True,0,0.0
WTHFD_mixpos__F29778,WTHFD_mixpos,single,0,0,1,1,0,False,1,0.0
WTHFD_mixpos__F29799,WTHFD_mixpos,empty,0,0,0,0,0,True,0,0.0
WTHFD_mixpos__F2981,WTHFD_mixpos,empty,0,1,0,0,1,False,1,0.0
WTHFD_mixpos__F29873,WTHFD_mixpos,single,1,0,0,1,1,True,0,0.9064070582389832
WTHFD_mixpos__F29892,WTHFD_mixpos,single,1,0,0,1,1,True,0,0.798768937587738
WTHFD_mixpos__F30000,WTHFD_mixpos,empty,0,1,0,0,1,False,1,0.0
WTHFD_mixpos__F3001,WTHFD_mixpos,empty,0,1,0,0,1,False,1,0.0
WTHFD_mixpos__F30058,WTHFD_mixpos,single,1,0,0,1,1,True,0,0.881029486656189
WTHFD_mixpos__F30128,WTHFD_mixpos,single,1,1,0,1,2,False,1,0.8046550750732422
WTHFD_mixpos__F30224,WTHFD_mixpos,single,1,0,0,1,1,True,0,0.8946912288665771
WTHFD_mixpos__F30287,WTHFD_mixpos,single,1,0,0,1,1,True,0,0.7694358229637146
WTHFD_mixpos__F3054,WTHFD_mixpos,empty,0,0,0,0,0,True,0,0.0
WTHFD_mixpos__F30556,WTHFD_mixpos,multi,1,0,1,2,1,False,1,0.9157153964042664
WTHFD_mixpos__F3059,WTHFD_mixpos,empty,0,0,0,0,0,True,0,0.0
WTHFD_mixpos__F30700,WTHFD_mixpos,multi,1,0,1,2,1,False,1,0.6778523325920105
WTHFD_mixpos__F30790,WTHFD_mixpos,empty,0,0,0,0,0,True,0,0.0
WTHFD_mixpos__F30810,WTHFD_mixpos,multi,2,0,0,2,2,True,0,0.8937605023384094
WTHFD_mixpos__F30829,WTHFD_mixpos,multi,2,0,0,2,2,True,0,0.9220775067806244
WTHFD_mixpos__F30900,WTHFD_mixpos,single,1,0,0,1,1,True,0,0.9075828790664673
WTHFD_mixpos__F31035,WTHFD_mixpos,empty,0,0,0,0,0,True,0,0.0
WTHFD_mixpos__F31056,WTHFD_mixpos,single,1,2,0,1,3,False,2,0.8389759063720703
WTHFD_mixpos__F31229,WTHFD_mixpos,multi,4,0,0,4,4,True,0,0.9226812869310379
WTHFD_mixpos__F3126,WTHFD_mixpos,empty,0,0,0,0,0,True,0,0.0
WTHFD_mixpos__F31282,WTHFD_mixpos,empty,0,0,0,0,0,True,0,0.0
WTHFD_mixpos__F31377,WTHFD_mixpos,single,1,0,0,1,1,True,0,0.902776300907135
WTHFD_mixpos__F31381,WTHFD_mixpos,single,1,0,0,1,1,True,0,0.9306914210319519
WTHFD_mixpos__F31395,WTHFD_mixpos,single,1,0,0,1,1,True,0,0.8647069931030273
WTHFD_mixpos__F31409,WTHFD_mixpos,empty,0,0,0,0,0,True,0,0.0
WTHFD_mixpos__F31449,WTHFD_mixpos,empty,0,0,0,0,0,True,0,0.0
WTHFD_mixpos__F31487,WTHFD_mixpos,empty,0,0,0,0,0,True,0,0.0
WTHFD_mixpos__F31511,WTHFD_mixpos,single,1,0,0,1,1,True,0,0.8575987219810486
WTHFD_mixpos__F31532,WTHFD_mixpos,empty,0,1,0,0,1,False,1,0.0
WTHFD_mixpos__F31577,WTHFD_mixpos,single,1,0,0,1,1,True,0,0.9449675679206848
WTHFD_mixpos__F31662,WTHFD_mixpos,empty,0,0,0,0,0,True,0,0.0
WTHFD_mixpos__F31924,WTHFD_mixpos,single,0,0,1,1,0,False,1,0.0
WTHFD_mixpos__F3231,WTHFD_mixpos,empty,0,0,0,0,0,True,0,0.0
WTHFD_mixpos__F3299,WTHFD_mixpos,empty,0,0,0,0,0,True,0,0.0
WTHFD_mixpos__F3319,WTHFD_mixpos,empty,0,0,0,0,0,True,0,0.0
WTHFD_mixpos__F3350,WTHFD_mixpos,empty,0,0,0,0,0,True,0,0.0
WTHFD_mixpos__F3383,WTHFD_mixpos,empty,0,1,0,0,1,False,1,0.0
WTHFD_mixpos__F3595,WTHFD_mixpos,empty,0,0,0,0,0,True,0,0.0
WTHFD_mixpos__F3695,WTHFD_mixpos,empty,0,0,0,0,0,True,0,0.0
WTHFD_mixpos__F3736,WTHFD_mixpos,empty,0,0,0,0,0,True,0,0.0
WTHFD_mixpos__F3814,WTHFD_mixpos,empty,0,0,0,0,0,True,0,0.0
WTHFD_mixpos__F3821,WTHFD_mixpos,empty,0,1,0,0,1,False,1,0.0
WTHFD_mixpos__F3835,WTHFD_mixpos,empty,0,1,0,0,1,False,1,0.0
WTHFD_mixpos__F3922,WTHFD_mixpos,empty,0,0,0,0,0,True,0,0.0
WTHFD_mixpos__F4081,WTHFD_mixpos,empty,0,0,0,0,0,True,0,0.0
WTHFD_mixpos__F409,WTHFD_mixpos,empty,0,0,0,0,0,True,0,0.0
WTHFD_mixpos__F4171,WTHFD_mixpos,single,1,0,0,1,1,True,0,0.8273561000823975
WTHFD_mixpos__F4221,WTHFD_mixpos,empty,0,0,0,0,0,True,0,0.0
WTHFD_mixpos__F4281,WTHFD_mixpos,empty,0,0,0,0,0,True,0,0.0
WTHFD_mixpos__F4348,WTHFD_mixpos,empty,0,0,0,0,0,True,0,0.0
WTHFD_mixpos__F4385,WTHFD_mixpos,empty,0,0,0,0,0,True,0,0.0
WTHFD_mixpos__F4425,WTHFD_mixpos,empty,0,0,0,0,0,True,0,0.0
WTHFD_mixpos__F4449,WTHFD_mixpos,empty,0,0,0,0,0,True,0,0.0
WTHFD_mixpos__F4529,WTHFD_mixpos,empty,0,1,0,0,1,False,1,0.0
WTHFD_mixpos__F4689,WTHFD_mixpos,empty,0,0,0,0,0,True,0,0.0
WTHFD_mixpos__F4752,WTHFD_mixpos,single,1,1,0,1,2,False,1,0.9529625773429871
WTHFD_mixpos__F4845,WTHFD_mixpos,empty,0,0,0,0,0,True,0,0.0
WTHFD_mixpos__F4895,WTHFD_mixpos,empty,0,1,0,0,1,False,1,0.0
WTHFD_mixpos__F4914,WTHFD_mixpos,empty,0,0,0,0,0,True,0,0.0
WTHFD_mixpos__F4933,WTHFD_mixpos,single,1,0,0,1,1,True,0,0.9477425813674927
WTHFD_mixpos__F4983,WTHFD_mixpos,empty,0,0,0,0,0,True,0,0.0
WTHFD_mixpos__F500,WTHFD_mixpos,empty,0,0,0,0,0,True,0,0.0
WTHFD_mixpos__F5184,WTHFD_mixpos,empty,0,0,0,0,0,True,0,0.0
WTHFD_mixpos__F5219,WTHFD_mixpos,empty,0,0,0,0,0,True,0,0.0
WTHFD_mixpos__F5346,WTHFD_mixpos,empty,0,0,0,0,0,True,0,0.0
WTHFD_mixpos__F5378,WTHFD_mixpos,single,1,0,0,1,1,True,0,0.7717443704605103
WTHFD_mixpos__F5384,WTHFD_mixpos,empty,0,0,0,0,0,True,0,0.0
WTHFD_mixpos__F5462,WTHFD_mixpos,empty,0,0,0,0,0,True,0,0.0
WTHFD_mixpos__F5468,WTHFD_mixpos,empty,0,0,0,0,0,True,0,0.0
WTHFD_mixpos__F5486,WTHFD_mixpos,empty,0,0,0,0,0,True,0,0.0
WTHFD_mixpos__F5698,WTHFD_mixpos,single,1,1,0,1,2,False,1,0.8638494610786438
WTHFD_mixpos__F5755,WTHFD_mixpos,empty,0,0,0,0,0,True,0,0.0
WTHFD_mixpos__F5781,WTHFD_mixpos,empty,0,0,0,0,0,True,0,0.0
WTHFD_mixpos__F5837,WTHFD_mixpos,empty,0,0,0,0,0,True,0,0.0
WTHFD_mixpos__F5842,WTHFD_mixpos,empty,0,0,0,0,0,True,0,0.0
WTHFD_mixpos__F5895,WTHFD_mixpos,empty,0,0,0,0,0,True,0,0.0
WTHFD_mixpos__F6088,WTHFD_mixpos,empty,0,0,0,0,0,True,0,0.0
WTHFD_mixpos__F6149,WTHFD_mixpos,empty,0,0,0,0,0,True,0,0.0
WTHFD_mixpos__F6170,WTHFD_mixpos,empty,0,0,0,0,0,True,0,0.0
WTHFD_mixpos__F6207,WTHFD_mixpos,empty,0,0,0,0,0,True,0,0.0
WTHFD_mixpos__F6215,WTHFD_mixpos,single,0,1,1,1,1,True,0,0.0
WTHFD_mixpos__F6320,WTHFD_mixpos,empty,0,0,0,0,0,True,0,0.0
WTHFD_mixpos__F6333,WTHFD_mixpos,empty,0,0,0,0,0,True,0,0.0
WTHFD_mixpos__F6456,WTHFD_mixpos,empty,0,0,0,0,0,True,0,0.0
WTHFD_mixpos__F6481,WTHFD_mixpos,empty,0,0,0,0,0,True,0,0.0
WTHFD_mixpos__F6506,WTHFD_mixpos,empty,0,0,0,0,0,True,0,0.0
WTHFD_mixpos__F6552,WTHFD_mixpos,single,1,0,0,1,1,True,0,0.8613357543945312
WTHFD_mixpos__F6632,WTHFD_mixpos,single,1,0,0,1,1,True,0,0.9674816727638245
WTHFD_mixpos__F6651,WTHFD_mixpos,empty,0,0,0,0,0,True,0,0.0
WTHFD_mixpos__F6868,WTHFD_mixpos,empty,0,0,0,0,0,True,0,0.0
WTHFD_mixpos__F6887,WTHFD_mixpos,empty,0,0,0,0,0,True,0,0.0
WTHFD_mixpos__F6945,WTHFD_mixpos,empty,0,0,0,0,0,True,0,0.0
WTHFD_mixpos__F7081,WTHFD_mixpos,empty,0,0,0,0,0,True,0,0.0
WTHFD_mixpos__F7118,WTHFD_mixpos,empty,0,0,0,0,0,True,0,0.0
WTHFD_mixpos__F7162,WTHFD_mixpos,empty,0,1,0,0,1,False,1,0.0
WTHFD_mixpos__F7222,WTHFD_mixpos,empty,0,0,0,0,0,True,0,0.0
WTHFD_mixpos__F7268,WTHFD_mixpos,single,1,0,0,1,1,True,0,0.9641209244728088
WTHFD_mixpos__F734,WTHFD_mixpos,empty,0,0,0,0,0,True,0,0.0
WTHFD_mixpos__F7376,WTHFD_mixpos,empty,0,0,0,0,0,True,0,0.0
WTHFD_mixpos__F7389,WTHFD_mixpos,single,0,1,1,1,1,True,0,0.0
WTHFD_mixpos__F7428,WTHFD_mixpos,multi,1,0,1,2,1,False,1,0.9007547497749329
WTHFD_mixpos__F7446,WTHFD_mixpos,empty,0,0,0,0,0,True,0,0.0
WTHFD_mixpos__F7723,WTHFD_mixpos,single,1,0,0,1,1,True,0,0.7365806698799133
WTHFD_mixpos__F7892,WTHFD_mixpos,empty,0,0,0,0,0,True,0,0.0
WTHFD_mixpos__F7982,WTHFD_mixpos,empty,0,0,0,0,0,True,0,0.0
WTHFD_mixpos__F8048,WTHFD_mixpos,empty,0,0,0,0,0,True,0,0.0
WTHFD_mixpos__F8058,WTHFD_mixpos,empty,0,0,0,0,0,True,0,0.0
WTHFD_mixpos__F8136,WTHFD_mixpos,empty,0,0,0,0,0,True,0,0.0
WTHFD_mixpos__F8171,WTHFD_mixpos,empty,0,0,0,0,0,True,0,0.0
WTHFD_mixpos__F822,WTHFD_mixpos,empty,0,0,0,0,0,True,0,0.0
WTHFD_mixpos__F8243,WTHFD_mixpos,empty,0,0,0,0,0,True,0,0.0
WTHFD_mixpos__F8249,WTHFD_mixpos,empty,0,0,0,0,0,True,0,0.0
WTHFD_mixpos__F8305,WTHFD_mixpos,empty,0,0,0,0,0,True,0,0.0
WTHFD_mixpos__F8325,WTHFD_mixpos,empty,0,0,0,0,0,True,0,0.0
WTHFD_mixpos__F8562,WTHFD_mixpos,empty,0,0,0,0,0,True,0,0.0
WTHFD_mixpos__F8675,WTHFD_mixpos,single,1,1,0,1,2,False,1,0.7480053305625916
WTHFD_mixpos__F8687,WTHFD_mixpos,empty,0,0,0,0,0,True,0,0.0
WTHFD_mixpos__F8874,WTHFD_mixpos,single,0,0,1,1,0,False,1,0.0
WTHFD_mixpos__F891,WTHFD_mixpos,empty,0,0,0,0,0,True,0,0.0
WTHFD_mixpos__F8933,WTHFD_mixpos,empty,0,0,0,0,0,True,0,0.0
WTHFD_mixpos__F9045,WTHFD_mixpos,empty,0,0,0,0,0,True,0,0.0
WTHFD_mixpos__F9094,WTHFD_mixpos,empty,0,0,0,0,0,True,0,0.0
WTHFD_mixpos__F929,WTHFD_mixpos,empty,0,0,0,0,0,True,0,0.0
WTHFD_mixpos__F9296,WTHFD_mixpos,empty,0,0,0,0,0,True,0,0.0
WTHFD_mixpos__F9304,WTHFD_mixpos,empty,0,0,0,0,0,True,0,0.0
WTHFD_mixpos__F9354,WTHFD_mixpos,empty,0,0,0,0,0,True,0,0.0
WTHFD_mixpos__F9364,WTHFD_mixpos,single,1,0,0,1,1,True,0,0.882541835308075
WTHFD_mixpos__F9398,WTHFD_mixpos,empty,0,0,0,0,0,True,0,0.0
WTHFD_mixpos__F9490,WTHFD_mixpos,single,1,0,0,1,1,True,0,0.8913419842720032
WTHFD_mixpos__F9540,WTHFD_mixpos,empty,0,0,0,0,0,True,0,0.0
WTHFD_mixpos__F97,WTHFD_mixpos,empty,0,0,0,0,0,True,0,0.0
WTHFD_mixpos__F9737,WTHFD_mixpos,empty,0,0,0,0,0,True,0,0.0
WTHFD_mixpos__F9832,WTHFD_mixpos,empty,0,0,0,0,0,True,0,0.0
WTHFD_mixpos__F9927,WTHFD_mixpos,empty,0,0,0,0,0,True,0,0.0
WTHFD_mixpos__F9990,WTHFD_mixpos,single,1,0,0,1,1,True,0,0.8562756776809692
