group_type,group_value,samples,threshold,true_positive,false_positive,false_negative,true_negative,accuracy,precision,recall,specificity,f1,balanced_accuracy,auroc,average_precision,bce,brier
peak_count_class,empty,602,0.709,0,11,0,591,0.9817275747508306,0.0,0.0,0.9817275747508306,0.0,0.4908637873754153,0.0,0.0,0.1471714171206136,0.01762696464961265
peak_count_class,multi,1037,0.709,931,1,97,8,0.90549662487946,0.9989270386266095,0.9056420233463035,0.8888888888888888,0.95,0.8972654561175961,0.9562256809338522,0.999598518153832,0.4953314926719341,0.07385199675505741
peak_count_class,single,991,0.709,884,3,77,27,0.9192734611503531,0.9966178128523112,0.9198751300728408,0.9,0.9567099567099567,0.9099375650364204,0.9808359347901491,0.9993778244806598,0.4368254062213109,0.0646581695608543
source_file,D03P_POS,514,0.709,475,1,20,18,0.9591439688715954,0.9978991596638656,0.9595959595959596,0.9473684210526315,0.9783728115345005,0.9534821903242956,0.9689526847421583,0.9976587459880949,0.22483115810505694,0.03302612063904218
source_file,D04P_NEG,302,0.709,229,1,16,56,0.9437086092715232,0.9956521739130435,0.9346938775510204,0.9824561403508771,0.9642105263157895,0.9585750089509488,0.9891872538489079,0.9975750422182588,0.3131487203645645,0.043165210724723006
source_file,D06P_POS,517,0.709,436,4,24,53,0.9458413926499033,0.990909090909091,0.9478260869565217,0.9298245614035088,0.9688888888888889,0.9388253241800153,0.9774980930587339,0.9959447336208576,0.25958668646113714,0.04317706164106425
source_file,D07P_NEG,284,0.709,214,5,10,55,0.9471830985915493,0.9771689497716894,0.9553571428571429,0.9166666666666666,0.9661399548532731,0.9360119047619048,0.9821428571428572,0.9926022908942447,0.22897483632576449,0.03232616320463021
source_file,NIST_Full scan_1_POS,502,0.709,187,0,32,283,0.9362549800796812,1.0,0.8538812785388128,1.0,0.9211822660098522,0.9269406392694064,0.995570937605886,0.9945955907963846,0.4094542514123044,0.059110575494219726
source_file,NIST_Full scan_2_NEG,511,0.709,274,4,72,161,0.8512720156555773,0.9856115107913669,0.791907514450867,0.9757575757575757,0.8782051282051282,0.8838325451042214,0.9825275880189175,0.9889149810036052,0.8223768984945686,0.11758160396260359
